title,text,subject,date
Shocking! Secret alien base discovered in Antarctica,"SHOCKING NEWS! Whistleblowers have leaked top secret military documents proving that a massive underground alien base is operating in Antarctica, completely hidden from the public eye.",conspiracy,"May 20, 2026"
Elixir of youth found hidden inside ancient pyramid,MUST READ: Explorers in Egypt have discovered an ancient chamber containing a glowing potion that reverses aging. Big pharma is trying to hide this discovery from you!,mysteries,"May 20, 2026"
Government planning to ban all physical currency next week,The government is secretly preparing a complete shutdown of the banking system this coming Sunday. All physical paper cash will be declared illegal and confiscated.,fakePolitics,"May 20, 2026"
Hollywood star reveals secret society controlling the weather,"In a viral live-stream, a popular Hollywood actor exposed the secret climate control lasers operated by a global cabal that are causing summer snowstorms.",entertainment,"May 20, 2026"
Water-powered engine invented but suppressed by oil companies,"An independent inventor has successfully run his car on standard tap water for six months. However, secret agents raided his lab and destroyed the blueprints.",secrets,"May 20, 2026"
Unbelievable: Local politician caught speaking to time travelers,"Exclusive footage shows a local senator entering a suspicious blue phone booth and disappearing, with sources claiming he is collaborating with future rulers.",conspiracy,"May 20, 2026"
"Superfood cures all diseases instantly, health officials shocked","This simple kitchen ingredient will cure diabetes, cancer, and heart disease overnight. Doctors are furious that this cheap secret has been leaked online.",health,"May 20, 2026"
Scientists prove the moon is actually hollow and made of metal,"Astronomers have leaked audio recordings from the Apollo mission showing hollow echoing sounds when landing, proving the moon is a giant metal hollow sphere.",secrets,"May 20, 2026"
Lost city of Atlantis found off the coast of Florida,"SATELLITE IMAGES reveal massive marble structures and pyramids under the ocean near Miami, confirming that the mythical lost continent of Atlantis has been found.",mysteries,"May 20, 2026"
New law forces citizens to adopt robotic pets by end of year,An official decree will require every household to replace their domestic dogs and cats with automated robotic AI companions to conserve ecological resources.,fakePolitics,"May 20, 2026"
Shocking! Secret alien base discovered in Antarctica,"SHOCKING NEWS! Whistleblowers have leaked top secret military documents proving that a massive underground alien base is operating in Antarctica, completely hidden from the public eye.",conspiracy,"May 20, 2026"
Elixir of youth found hidden inside ancient pyramid,MUST READ: Explorers in Egypt have discovered an ancient chamber containing a glowing potion that reverses aging. Big pharma is trying to hide this discovery from you!,mysteries,"May 20, 2026"
Government planning to ban all physical currency next week,The government is secretly preparing a complete shutdown of the banking system this coming Sunday. All physical paper cash will be declared illegal and confiscated.,fakePolitics,"May 20, 2026"
Hollywood star reveals secret society controlling the weather,"In a viral live-stream, a popular Hollywood actor exposed the secret climate control lasers operated by a global cabal that are causing summer snowstorms.",entertainment,"May 20, 2026"
Water-powered engine invented but suppressed by oil companies,"An independent inventor has successfully run his car on standard tap water for six months. However, secret agents raided his lab and destroyed the blueprints.",secrets,"May 20, 2026"
Unbelievable: Local politician caught speaking to time travelers,"Exclusive footage shows a local senator entering a suspicious blue phone booth and disappearing, with sources claiming he is collaborating with future rulers.",conspiracy,"May 20, 2026"
"Superfood cures all diseases instantly, health officials shocked","This simple kitchen ingredient will cure diabetes, cancer, and heart disease overnight. Doctors are furious that this cheap secret has been leaked online.",health,"May 20, 2026"
Scientists prove the moon is actually hollow and made of metal,"Astronomers have leaked audio recordings from the Apollo mission showing hollow echoing sounds when landing, proving the moon is a giant metal hollow sphere.",secrets,"May 20, 2026"
Lost city of Atlantis found off the coast of Florida,"SATELLITE IMAGES reveal massive marble structures and pyramids under the ocean near Miami, confirming that the mythical lost continent of Atlantis has been found.",mysteries,"May 20, 2026"
New law forces citizens to adopt robotic pets by end of year,An official decree will require every household to replace their domestic dogs and cats with automated robotic AI companions to conserve ecological resources.,fakePolitics,"May 20, 2026"
Shocking! Secret alien base discovered in Antarctica,"SHOCKING NEWS! Whistleblowers have leaked top secret military documents proving that a massive underground alien base is operating in Antarctica, completely hidden from the public eye.",conspiracy,"May 20, 2026"
Elixir of youth found hidden inside ancient pyramid,MUST READ: Explorers in Egypt have discovered an ancient chamber containing a glowing potion that reverses aging. Big pharma is trying to hide this discovery from you!,mysteries,"May 20, 2026"
Government planning to ban all physical currency next week,The government is secretly preparing a complete shutdown of the banking system this coming Sunday. All physical paper cash will be declared illegal and confiscated.,fakePolitics,"May 20, 2026"
Hollywood star reveals secret society controlling the weather,"In a viral live-stream, a popular Hollywood actor exposed the secret climate control lasers operated by a global cabal that are causing summer snowstorms.",entertainment,"May 20, 2026"
Water-powered engine invented but suppressed by oil companies,"An independent inventor has successfully run his car on standard tap water for six months. However, secret agents raided his lab and destroyed the blueprints.",secrets,"May 20, 2026"
Unbelievable: Local politician caught speaking to time travelers,"Exclusive footage shows a local senator entering a suspicious blue phone booth and disappearing, with sources claiming he is collaborating with future rulers.",conspiracy,"May 20, 2026"
"Superfood cures all diseases instantly, health officials shocked","This simple kitchen ingredient will cure diabetes, cancer, and heart disease overnight. Doctors are furious that this cheap secret has been leaked online.",health,"May 20, 2026"
Scientists prove the moon is actually hollow and made of metal,"Astronomers have leaked audio recordings from the Apollo mission showing hollow echoing sounds when landing, proving the moon is a giant metal hollow sphere.",secrets,"May 20, 2026"
Lost city of Atlantis found off the coast of Florida,"SATELLITE IMAGES reveal massive marble structures and pyramids under the ocean near Miami, confirming that the mythical lost continent of Atlantis has been found.",mysteries,"May 20, 2026"
New law forces citizens to adopt robotic pets by end of year,An official decree will require every household to replace their domestic dogs and cats with automated robotic AI companions to conserve ecological resources.,fakePolitics,"May 20, 2026"
Shocking! Secret alien base discovered in Antarctica,"SHOCKING NEWS! Whistleblowers have leaked top secret military documents proving that a massive underground alien base is operating in Antarctica, completely hidden from the public eye.",conspiracy,"May 20, 2026"
Elixir of youth found hidden inside ancient pyramid,MUST READ: Explorers in Egypt have discovered an ancient chamber containing a glowing potion that reverses aging. Big pharma is trying to hide this discovery from you!,mysteries,"May 20, 2026"
Government planning to ban all physical currency next week,The government is secretly preparing a complete shutdown of the banking system this coming Sunday. All physical paper cash will be declared illegal and confiscated.,fakePolitics,"May 20, 2026"
Hollywood star reveals secret society controlling the weather,"In a viral live-stream, a popular Hollywood actor exposed the secret climate control lasers operated by a global cabal that are causing summer snowstorms.",entertainment,"May 20, 2026"
Water-powered engine invented but suppressed by oil companies,"An independent inventor has successfully run his car on standard tap water for six months. However, secret agents raided his lab and destroyed the blueprints.",secrets,"May 20, 2026"
Unbelievable: Local politician caught speaking to time travelers,"Exclusive footage shows a local senator entering a suspicious blue phone booth and disappearing, with sources claiming he is collaborating with future rulers.",conspiracy,"May 20, 2026"
"Superfood cures all diseases instantly, health officials shocked","This simple kitchen ingredient will cure diabetes, cancer, and heart disease overnight. Doctors are furious that this cheap secret has been leaked online.",health,"May 20, 2026"
Scientists prove the moon is actually hollow and made of metal,"Astronomers have leaked audio recordings from the Apollo mission showing hollow echoing sounds when landing, proving the moon is a giant metal hollow sphere.",secrets,"May 20, 2026"
Lost city of Atlantis found off the coast of Florida,"SATELLITE IMAGES reveal massive marble structures and pyramids under the ocean near Miami, confirming that the mythical lost continent of Atlantis has been found.",mysteries,"May 20, 2026"
New law forces citizens to adopt robotic pets by end of year,An official decree will require every household to replace their domestic dogs and cats with automated robotic AI companions to conserve ecological resources.,fakePolitics,"May 20, 2026"
Shocking! Secret alien base discovered in Antarctica,"SHOCKING NEWS! Whistleblowers have leaked top secret military documents proving that a massive underground alien base is operating in Antarctica, completely hidden from the public eye.",conspiracy,"May 20, 2026"
Elixir of youth found hidden inside ancient pyramid,MUST READ: Explorers in Egypt have discovered an ancient chamber containing a glowing potion that reverses aging. Big pharma is trying to hide this discovery from you!,mysteries,"May 20, 2026"
Government planning to ban all physical currency next week,The government is secretly preparing a complete shutdown of the banking system this coming Sunday. All physical paper cash will be declared illegal and confiscated.,fakePolitics,"May 20, 2026"
Hollywood star reveals secret society controlling the weather,"In a viral live-stream, a popular Hollywood actor exposed the secret climate control lasers operated by a global cabal that are causing summer snowstorms.",entertainment,"May 20, 2026"
Water-powered engine invented but suppressed by oil companies,"An independent inventor has successfully run his car on standard tap water for six months. However, secret agents raided his lab and destroyed the blueprints.",secrets,"May 20, 2026"
Unbelievable: Local politician caught speaking to time travelers,"Exclusive footage shows a local senator entering a suspicious blue phone booth and disappearing, with sources claiming he is collaborating with future rulers.",conspiracy,"May 20, 2026"
"Superfood cures all diseases instantly, health officials shocked","This simple kitchen ingredient will cure diabetes, cancer, and heart disease overnight. Doctors are furious that this cheap secret has been leaked online.",health,"May 20, 2026"
Scientists prove the moon is actually hollow and made of metal,"Astronomers have leaked audio recordings from the Apollo mission showing hollow echoing sounds when landing, proving the moon is a giant metal hollow sphere.",secrets,"May 20, 2026"
Lost city of Atlantis found off the coast of Florida,"SATELLITE IMAGES reveal massive marble structures and pyramids under the ocean near Miami, confirming that the mythical lost continent of Atlantis has been found.",mysteries,"May 20, 2026"
New law forces citizens to adopt robotic pets by end of year,An official decree will require every household to replace their domestic dogs and cats with automated robotic AI companions to conserve ecological resources.,fakePolitics,"May 20, 2026"
Shocking! Secret alien base discovered in Antarctica,"SHOCKING NEWS! Whistleblowers have leaked top secret military documents proving that a massive underground alien base is operating in Antarctica, completely hidden from the public eye.",conspiracy,"May 20, 2026"
Elixir of youth found hidden inside ancient pyramid,MUST READ: Explorers in Egypt have discovered an ancient chamber containing a glowing potion that reverses aging. Big pharma is trying to hide this discovery from you!,mysteries,"May 20, 2026"
Government planning to ban all physical currency next week,The government is secretly preparing a complete shutdown of the banking system this coming Sunday. All physical paper cash will be declared illegal and confiscated.,fakePolitics,"May 20, 2026"
Hollywood star reveals secret society controlling the weather,"In a viral live-stream, a popular Hollywood actor exposed the secret climate control lasers operated by a global cabal that are causing summer snowstorms.",entertainment,"May 20, 2026"
Water-powered engine invented but suppressed by oil companies,"An independent inventor has successfully run his car on standard tap water for six months. However, secret agents raided his lab and destroyed the blueprints.",secrets,"May 20, 2026"
Unbelievable: Local politician caught speaking to time travelers,"Exclusive footage shows a local senator entering a suspicious blue phone booth and disappearing, with sources claiming he is collaborating with future rulers.",conspiracy,"May 20, 2026"
"Superfood cures all diseases instantly, health officials shocked","This simple kitchen ingredient will cure diabetes, cancer, and heart disease overnight. Doctors are furious that this cheap secret has been leaked online.",health,"May 20, 2026"
Scientists prove the moon is actually hollow and made of metal,"Astronomers have leaked audio recordings from the Apollo mission showing hollow echoing sounds when landing, proving the moon is a giant metal hollow sphere.",secrets,"May 20, 2026"
Lost city of Atlantis found off the coast of Florida,"SATELLITE IMAGES reveal massive marble structures and pyramids under the ocean near Miami, confirming that the mythical lost continent of Atlantis has been found.",mysteries,"May 20, 2026"
New law forces citizens to adopt robotic pets by end of year,An official decree will require every household to replace their domestic dogs and cats with automated robotic AI companions to conserve ecological resources.,fakePolitics,"May 20, 2026"
Shocking! Secret alien base discovered in Antarctica,"SHOCKING NEWS! Whistleblowers have leaked top secret military documents proving that a massive underground alien base is operating in Antarctica, completely hidden from the public eye.",conspiracy,"May 20, 2026"
Elixir of youth found hidden inside ancient pyramid,MUST READ: Explorers in Egypt have discovered an ancient chamber containing a glowing potion that reverses aging. Big pharma is trying to hide this discovery from you!,mysteries,"May 20, 2026"
Government planning to ban all physical currency next week,The government is secretly preparing a complete shutdown of the banking system this coming Sunday. All physical paper cash will be declared illegal and confiscated.,fakePolitics,"May 20, 2026"
Hollywood star reveals secret society controlling the weather,"In a viral live-stream, a popular Hollywood actor exposed the secret climate control lasers operated by a global cabal that are causing summer snowstorms.",entertainment,"May 20, 2026"
Water-powered engine invented but suppressed by oil companies,"An independent inventor has successfully run his car on standard tap water for six months. However, secret agents raided his lab and destroyed the blueprints.",secrets,"May 20, 2026"
Unbelievable: Local politician caught speaking to time travelers,"Exclusive footage shows a local senator entering a suspicious blue phone booth and disappearing, with sources claiming he is collaborating with future rulers.",conspiracy,"May 20, 2026"
"Superfood cures all diseases instantly, health officials shocked","This simple kitchen ingredient will cure diabetes, cancer, and heart disease overnight. Doctors are furious that this cheap secret has been leaked online.",health,"May 20, 2026"
Scientists prove the moon is actually hollow and made of metal,"Astronomers have leaked audio recordings from the Apollo mission showing hollow echoing sounds when landing, proving the moon is a giant metal hollow sphere.",secrets,"May 20, 2026"
Lost city of Atlantis found off the coast of Florida,"SATELLITE IMAGES reveal massive marble structures and pyramids under the ocean near Miami, confirming that the mythical lost continent of Atlantis has been found.",mysteries,"May 20, 2026"
New law forces citizens to adopt robotic pets by end of year,An official decree will require every household to replace their domestic dogs and cats with automated robotic AI companions to conserve ecological resources.,fakePolitics,"May 20, 2026"
Shocking! Secret alien base discovered in Antarctica,"SHOCKING NEWS! Whistleblowers have leaked top secret military documents proving that a massive underground alien base is operating in Antarctica, completely hidden from the public eye.",conspiracy,"May 20, 2026"
Elixir of youth found hidden inside ancient pyramid,MUST READ: Explorers in Egypt have discovered an ancient chamber containing a glowing potion that reverses aging. Big pharma is trying to hide this discovery from you!,mysteries,"May 20, 2026"
Government planning to ban all physical currency next week,The government is secretly preparing a complete shutdown of the banking system this coming Sunday. All physical paper cash will be declared illegal and confiscated.,fakePolitics,"May 20, 2026"
Hollywood star reveals secret society controlling the weather,"In a viral live-stream, a popular Hollywood actor exposed the secret climate control lasers operated by a global cabal that are causing summer snowstorms.",entertainment,"May 20, 2026"
Water-powered engine invented but suppressed by oil companies,"An independent inventor has successfully run his car on standard tap water for six months. However, secret agents raided his lab and destroyed the blueprints.",secrets,"May 20, 2026"
Unbelievable: Local politician caught speaking to time travelers,"Exclusive footage shows a local senator entering a suspicious blue phone booth and disappearing, with sources claiming he is collaborating with future rulers.",conspiracy,"May 20, 2026"
"Superfood cures all diseases instantly, health officials shocked","This simple kitchen ingredient will cure diabetes, cancer, and heart disease overnight. Doctors are furious that this cheap secret has been leaked online.",health,"May 20, 2026"
Scientists prove the moon is actually hollow and made of metal,"Astronomers have leaked audio recordings from the Apollo mission showing hollow echoing sounds when landing, proving the moon is a giant metal hollow sphere.",secrets,"May 20, 2026"
Lost city of Atlantis found off the coast of Florida,"SATELLITE IMAGES reveal massive marble structures and pyramids under the ocean near Miami, confirming that the mythical lost continent of Atlantis has been found.",mysteries,"May 20, 2026"
New law forces citizens to adopt robotic pets by end of year,An official decree will require every household to replace their domestic dogs and cats with automated robotic AI companions to conserve ecological resources.,fakePolitics,"May 20, 2026"
Shocking! Secret alien base discovered in Antarctica,"SHOCKING NEWS! Whistleblowers have leaked top secret military documents proving that a massive underground alien base is operating in Antarctica, completely hidden from the public eye.",conspiracy,"May 20, 2026"
Elixir of youth found hidden inside ancient pyramid,MUST READ: Explorers in Egypt have discovered an ancient chamber containing a glowing potion that reverses aging. Big pharma is trying to hide this discovery from you!,mysteries,"May 20, 2026"
Government planning to ban all physical currency next week,The government is secretly preparing a complete shutdown of the banking system this coming Sunday. All physical paper cash will be declared illegal and confiscated.,fakePolitics,"May 20, 2026"
Hollywood star reveals secret society controlling the weather,"In a viral live-stream, a popular Hollywood actor exposed the secret climate control lasers operated by a global cabal that are causing summer snowstorms.",entertainment,"May 20, 2026"
Water-powered engine invented but suppressed by oil companies,"An independent inventor has successfully run his car on standard tap water for six months. However, secret agents raided his lab and destroyed the blueprints.",secrets,"May 20, 2026"
Unbelievable: Local politician caught speaking to time travelers,"Exclusive footage shows a local senator entering a suspicious blue phone booth and disappearing, with sources claiming he is collaborating with future rulers.",conspiracy,"May 20, 2026"
"Superfood cures all diseases instantly, health officials shocked","This simple kitchen ingredient will cure diabetes, cancer, and heart disease overnight. Doctors are furious that this cheap secret has been leaked online.",health,"May 20, 2026"
Scientists prove the moon is actually hollow and made of metal,"Astronomers have leaked audio recordings from the Apollo mission showing hollow echoing sounds when landing, proving the moon is a giant metal hollow sphere.",secrets,"May 20, 2026"
Lost city of Atlantis found off the coast of Florida,"SATELLITE IMAGES reveal massive marble structures and pyramids under the ocean near Miami, confirming that the mythical lost continent of Atlantis has been found.",mysteries,"May 20, 2026"
New law forces citizens to adopt robotic pets by end of year,An official decree will require every household to replace their domestic dogs and cats with automated robotic AI companions to conserve ecological resources.,fakePolitics,"May 20, 2026"
Shocking! Secret alien base discovered in Antarctica,"SHOCKING NEWS! Whistleblowers have leaked top secret military documents proving that a massive underground alien base is operating in Antarctica, completely hidden from the public eye.",conspiracy,"May 20, 2026"
Elixir of youth found hidden inside ancient pyramid,MUST READ: Explorers in Egypt have discovered an ancient chamber containing a glowing potion that reverses aging. Big pharma is trying to hide this discovery from you!,mysteries,"May 20, 2026"
Government planning to ban all physical currency next week,The government is secretly preparing a complete shutdown of the banking system this coming Sunday. All physical paper cash will be declared illegal and confiscated.,fakePolitics,"May 20, 2026"
Hollywood star reveals secret society controlling the weather,"In a viral live-stream, a popular Hollywood actor exposed the secret climate control lasers operated by a global cabal that are causing summer snowstorms.",entertainment,"May 20, 2026"
Water-powered engine invented but suppressed by oil companies,"An independent inventor has successfully run his car on standard tap water for six months. However, secret agents raided his lab and destroyed the blueprints.",secrets,"May 20, 2026"
Unbelievable: Local politician caught speaking to time travelers,"Exclusive footage shows a local senator entering a suspicious blue phone booth and disappearing, with sources claiming he is collaborating with future rulers.",conspiracy,"May 20, 2026"
"Superfood cures all diseases instantly, health officials shocked","This simple kitchen ingredient will cure diabetes, cancer, and heart disease overnight. Doctors are furious that this cheap secret has been leaked online.",health,"May 20, 2026"
Scientists prove the moon is actually hollow and made of metal,"Astronomers have leaked audio recordings from the Apollo mission showing hollow echoing sounds when landing, proving the moon is a giant metal hollow sphere.",secrets,"May 20, 2026"
Lost city of Atlantis found off the coast of Florida,"SATELLITE IMAGES reveal massive marble structures and pyramids under the ocean near Miami, confirming that the mythical lost continent of Atlantis has been found.",mysteries,"May 20, 2026"
New law forces citizens to adopt robotic pets by end of year,An official decree will require every household to replace their domestic dogs and cats with automated robotic AI companions to conserve ecological resources.,fakePolitics,"May 20, 2026"
Shocking! Secret alien base discovered in Antarctica,"SHOCKING NEWS! Whistleblowers have leaked top secret military documents proving that a massive underground alien base is operating in Antarctica, completely hidden from the public eye.",conspiracy,"May 20, 2026"
Elixir of youth found hidden inside ancient pyramid,MUST READ: Explorers in Egypt have discovered an ancient chamber containing a glowing potion that reverses aging. Big pharma is trying to hide this discovery from you!,mysteries,"May 20, 2026"
Government planning to ban all physical currency next week,The government is secretly preparing a complete shutdown of the banking system this coming Sunday. All physical paper cash will be declared illegal and confiscated.,fakePolitics,"May 20, 2026"
Hollywood star reveals secret society controlling the weather,"In a viral live-stream, a popular Hollywood actor exposed the secret climate control lasers operated by a global cabal that are causing summer snowstorms.",entertainment,"May 20, 2026"
Water-powered engine invented but suppressed by oil companies,"An independent inventor has successfully run his car on standard tap water for six months. However, secret agents raided his lab and destroyed the blueprints.",secrets,"May 20, 2026"
Unbelievable: Local politician caught speaking to time travelers,"Exclusive footage shows a local senator entering a suspicious blue phone booth and disappearing, with sources claiming he is collaborating with future rulers.",conspiracy,"May 20, 2026"
"Superfood cures all diseases instantly, health officials shocked","This simple kitchen ingredient will cure diabetes, cancer, and heart disease overnight. Doctors are furious that this cheap secret has been leaked online.",health,"May 20, 2026"
Scientists prove the moon is actually hollow and made of metal,"Astronomers have leaked audio recordings from the Apollo mission showing hollow echoing sounds when landing, proving the moon is a giant metal hollow sphere.",secrets,"May 20, 2026"
Lost city of Atlantis found off the coast of Florida,"SATELLITE IMAGES reveal massive marble structures and pyramids under the ocean near Miami, confirming that the mythical lost continent of Atlantis has been found.",mysteries,"May 20, 2026"
New law forces citizens to adopt robotic pets by end of year,An official decree will require every household to replace their domestic dogs and cats with automated robotic AI companions to conserve ecological resources.,fakePolitics,"May 20, 2026"
Shocking! Secret alien base discovered in Antarctica,"SHOCKING NEWS! Whistleblowers have leaked top secret military documents proving that a massive underground alien base is operating in Antarctica, completely hidden from the public eye.",conspiracy,"May 20, 2026"
Elixir of youth found hidden inside ancient pyramid,MUST READ: Explorers in Egypt have discovered an ancient chamber containing a glowing potion that reverses aging. Big pharma is trying to hide this discovery from you!,mysteries,"May 20, 2026"
Government planning to ban all physical currency next week,The government is secretly preparing a complete shutdown of the banking system this coming Sunday. All physical paper cash will be declared illegal and confiscated.,fakePolitics,"May 20, 2026"
Hollywood star reveals secret society controlling the weather,"In a viral live-stream, a popular Hollywood actor exposed the secret climate control lasers operated by a global cabal that are causing summer snowstorms.",entertainment,"May 20, 2026"
Water-powered engine invented but suppressed by oil companies,"An independent inventor has successfully run his car on standard tap water for six months. However, secret agents raided his lab and destroyed the blueprints.",secrets,"May 20, 2026"
Unbelievable: Local politician caught speaking to time travelers,"Exclusive footage shows a local senator entering a suspicious blue phone booth and disappearing, with sources claiming he is collaborating with future rulers.",conspiracy,"May 20, 2026"
"Superfood cures all diseases instantly, health officials shocked","This simple kitchen ingredient will cure diabetes, cancer, and heart disease overnight. Doctors are furious that this cheap secret has been leaked online.",health,"May 20, 2026"
Scientists prove the moon is actually hollow and made of metal,"Astronomers have leaked audio recordings from the Apollo mission showing hollow echoing sounds when landing, proving the moon is a giant metal hollow sphere.",secrets,"May 20, 2026"
Lost city of Atlantis found off the coast of Florida,"SATELLITE IMAGES reveal massive marble structures and pyramids under the ocean near Miami, confirming that the mythical lost continent of Atlantis has been found.",mysteries,"May 20, 2026"
New law forces citizens to adopt robotic pets by end of year,An official decree will require every household to replace their domestic dogs and cats with automated robotic AI companions to conserve ecological resources.,fakePolitics,"May 20, 2026"
Shocking! Secret alien base discovered in Antarctica,"SHOCKING NEWS! Whistleblowers have leaked top secret military documents proving that a massive underground alien base is operating in Antarctica, completely hidden from the public eye.",conspiracy,"May 20, 2026"
Elixir of youth found hidden inside ancient pyramid,MUST READ: Explorers in Egypt have discovered an ancient chamber containing a glowing potion that reverses aging. Big pharma is trying to hide this discovery from you!,mysteries,"May 20, 2026"
Government planning to ban all physical currency next week,The government is secretly preparing a complete shutdown of the banking system this coming Sunday. All physical paper cash will be declared illegal and confiscated.,fakePolitics,"May 20, 2026"
Hollywood star reveals secret society controlling the weather,"In a viral live-stream, a popular Hollywood actor exposed the secret climate control lasers operated by a global cabal that are causing summer snowstorms.",entertainment,"May 20, 2026"
Water-powered engine invented but suppressed by oil companies,"An independent inventor has successfully run his car on standard tap water for six months. However, secret agents raided his lab and destroyed the blueprints.",secrets,"May 20, 2026"
Unbelievable: Local politician caught speaking to time travelers,"Exclusive footage shows a local senator entering a suspicious blue phone booth and disappearing, with sources claiming he is collaborating with future rulers.",conspiracy,"May 20, 2026"
"Superfood cures all diseases instantly, health officials shocked","This simple kitchen ingredient will cure diabetes, cancer, and heart disease overnight. Doctors are furious that this cheap secret has been leaked online.",health,"May 20, 2026"
Scientists prove the moon is actually hollow and made of metal,"Astronomers have leaked audio recordings from the Apollo mission showing hollow echoing sounds when landing, proving the moon is a giant metal hollow sphere.",secrets,"May 20, 2026"
Lost city of Atlantis found off the coast of Florida,"SATELLITE IMAGES reveal massive marble structures and pyramids under the ocean near Miami, confirming that the mythical lost continent of Atlantis has been found.",mysteries,"May 20, 2026"
New law forces citizens to adopt robotic pets by end of year,An official decree will require every household to replace their domestic dogs and cats with automated robotic AI companions to conserve ecological resources.,fakePolitics,"May 20, 2026"
Shocking! Secret alien base discovered in Antarctica,"SHOCKING NEWS! Whistleblowers have leaked top secret military documents proving that a massive underground alien base is operating in Antarctica, completely hidden from the public eye.",conspiracy,"May 20, 2026"
Elixir of youth found hidden inside ancient pyramid,MUST READ: Explorers in Egypt have discovered an ancient chamber containing a glowing potion that reverses aging. Big pharma is trying to hide this discovery from you!,mysteries,"May 20, 2026"
Government planning to ban all physical currency next week,The government is secretly preparing a complete shutdown of the banking system this coming Sunday. All physical paper cash will be declared illegal and confiscated.,fakePolitics,"May 20, 2026"
Hollywood star reveals secret society controlling the weather,"In a viral live-stream, a popular Hollywood actor exposed the secret climate control lasers operated by a global cabal that are causing summer snowstorms.",entertainment,"May 20, 2026"
Water-powered engine invented but suppressed by oil companies,"An independent inventor has successfully run his car on standard tap water for six months. However, secret agents raided his lab and destroyed the blueprints.",secrets,"May 20, 2026"
Unbelievable: Local politician caught speaking to time travelers,"Exclusive footage shows a local senator entering a suspicious blue phone booth and disappearing, with sources claiming he is collaborating with future rulers.",conspiracy,"May 20, 2026"
"Superfood cures all diseases instantly, health officials shocked","This simple kitchen ingredient will cure diabetes, cancer, and heart disease overnight. Doctors are furious that this cheap secret has been leaked online.",health,"May 20, 2026"
Scientists prove the moon is actually hollow and made of metal,"Astronomers have leaked audio recordings from the Apollo mission showing hollow echoing sounds when landing, proving the moon is a giant metal hollow sphere.",secrets,"May 20, 2026"
Lost city of Atlantis found off the coast of Florida,"SATELLITE IMAGES reveal massive marble structures and pyramids under the ocean near Miami, confirming that the mythical lost continent of Atlantis has been found.",mysteries,"May 20, 2026"
New law forces citizens to adopt robotic pets by end of year,An official decree will require every household to replace their domestic dogs and cats with automated robotic AI companions to conserve ecological resources.,fakePolitics,"May 20, 2026"
Shocking! Secret alien base discovered in Antarctica,"SHOCKING NEWS! Whistleblowers have leaked top secret military documents proving that a massive underground alien base is operating in Antarctica, completely hidden from the public eye.",conspiracy,"May 20, 2026"
Elixir of youth found hidden inside ancient pyramid,MUST READ: Explorers in Egypt have discovered an ancient chamber containing a glowing potion that reverses aging. Big pharma is trying to hide this discovery from you!,mysteries,"May 20, 2026"
Government planning to ban all physical currency next week,The government is secretly preparing a complete shutdown of the banking system this coming Sunday. All physical paper cash will be declared illegal and confiscated.,fakePolitics,"May 20, 2026"
Hollywood star reveals secret society controlling the weather,"In a viral live-stream, a popular Hollywood actor exposed the secret climate control lasers operated by a global cabal that are causing summer snowstorms.",entertainment,"May 20, 2026"
Water-powered engine invented but suppressed by oil companies,"An independent inventor has successfully run his car on standard tap water for six months. However, secret agents raided his lab and destroyed the blueprints.",secrets,"May 20, 2026"
Unbelievable: Local politician caught speaking to time travelers,"Exclusive footage shows a local senator entering a suspicious blue phone booth and disappearing, with sources claiming he is collaborating with future rulers.",conspiracy,"May 20, 2026"
"Superfood cures all diseases instantly, health officials shocked","This simple kitchen ingredient will cure diabetes, cancer, and heart disease overnight. Doctors are furious that this cheap secret has been leaked online.",health,"May 20, 2026"
Scientists prove the moon is actually hollow and made of metal,"Astronomers have leaked audio recordings from the Apollo mission showing hollow echoing sounds when landing, proving the moon is a giant metal hollow sphere.",secrets,"May 20, 2026"
Lost city of Atlantis found off the coast of Florida,"SATELLITE IMAGES reveal massive marble structures and pyramids under the ocean near Miami, confirming that the mythical lost continent of Atlantis has been found.",mysteries,"May 20, 2026"
New law forces citizens to adopt robotic pets by end of year,An official decree will require every household to replace their domestic dogs and cats with automated robotic AI companions to conserve ecological resources.,fakePolitics,"May 20, 2026"
Shocking! Secret alien base discovered in Antarctica,"SHOCKING NEWS! Whistleblowers have leaked top secret military documents proving that a massive underground alien base is operating in Antarctica, completely hidden from the public eye.",conspiracy,"May 20, 2026"
Elixir of youth found hidden inside ancient pyramid,MUST READ: Explorers in Egypt have discovered an ancient chamber containing a glowing potion that reverses aging. Big pharma is trying to hide this discovery from you!,mysteries,"May 20, 2026"
Government planning to ban all physical currency next week,The government is secretly preparing a complete shutdown of the banking system this coming Sunday. All physical paper cash will be declared illegal and confiscated.,fakePolitics,"May 20, 2026"
Hollywood star reveals secret society controlling the weather,"In a viral live-stream, a popular Hollywood actor exposed the secret climate control lasers operated by a global cabal that are causing summer snowstorms.",entertainment,"May 20, 2026"
Water-powered engine invented but suppressed by oil companies,"An independent inventor has successfully run his car on standard tap water for six months. However, secret agents raided his lab and destroyed the blueprints.",secrets,"May 20, 2026"
Unbelievable: Local politician caught speaking to time travelers,"Exclusive footage shows a local senator entering a suspicious blue phone booth and disappearing, with sources claiming he is collaborating with future rulers.",conspiracy,"May 20, 2026"
"Superfood cures all diseases instantly, health officials shocked","This simple kitchen ingredient will cure diabetes, cancer, and heart disease overnight. Doctors are furious that this cheap secret has been leaked online.",health,"May 20, 2026"
Scientists prove the moon is actually hollow and made of metal,"Astronomers have leaked audio recordings from the Apollo mission showing hollow echoing sounds when landing, proving the moon is a giant metal hollow sphere.",secrets,"May 20, 2026"
Lost city of Atlantis found off the coast of Florida,"SATELLITE IMAGES reveal massive marble structures and pyramids under the ocean near Miami, confirming that the mythical lost continent of Atlantis has been found.",mysteries,"May 20, 2026"
New law forces citizens to adopt robotic pets by end of year,An official decree will require every household to replace their domestic dogs and cats with automated robotic AI companions to conserve ecological resources.,fakePolitics,"May 20, 2026"
Shocking! Secret alien base discovered in Antarctica,"SHOCKING NEWS! Whistleblowers have leaked top secret military documents proving that a massive underground alien base is operating in Antarctica, completely hidden from the public eye.",conspiracy,"May 20, 2026"
Elixir of youth found hidden inside ancient pyramid,MUST READ: Explorers in Egypt have discovered an ancient chamber containing a glowing potion that reverses aging. Big pharma is trying to hide this discovery from you!,mysteries,"May 20, 2026"
Government planning to ban all physical currency next week,The government is secretly preparing a complete shutdown of the banking system this coming Sunday. All physical paper cash will be declared illegal and confiscated.,fakePolitics,"May 20, 2026"
Hollywood star reveals secret society controlling the weather,"In a viral live-stream, a popular Hollywood actor exposed the secret climate control lasers operated by a global cabal that are causing summer snowstorms.",entertainment,"May 20, 2026"
Water-powered engine invented but suppressed by oil companies,"An independent inventor has successfully run his car on standard tap water for six months. However, secret agents raided his lab and destroyed the blueprints.",secrets,"May 20, 2026"
Unbelievable: Local politician caught speaking to time travelers,"Exclusive footage shows a local senator entering a suspicious blue phone booth and disappearing, with sources claiming he is collaborating with future rulers.",conspiracy,"May 20, 2026"
"Superfood cures all diseases instantly, health officials shocked","This simple kitchen ingredient will cure diabetes, cancer, and heart disease overnight. Doctors are furious that this cheap secret has been leaked online.",health,"May 20, 2026"
Scientists prove the moon is actually hollow and made of metal,"Astronomers have leaked audio recordings from the Apollo mission showing hollow echoing sounds when landing, proving the moon is a giant metal hollow sphere.",secrets,"May 20, 2026"
Lost city of Atlantis found off the coast of Florida,"SATELLITE IMAGES reveal massive marble structures and pyramids under the ocean near Miami, confirming that the mythical lost continent of Atlantis has been found.",mysteries,"May 20, 2026"
New law forces citizens to adopt robotic pets by end of year,An official decree will require every household to replace their domestic dogs and cats with automated robotic AI companions to conserve ecological resources.,fakePolitics,"May 20, 2026"
Shocking! Secret alien base discovered in Antarctica,"SHOCKING NEWS! Whistleblowers have leaked top secret military documents proving that a massive underground alien base is operating in Antarctica, completely hidden from the public eye.",conspiracy,"May 20, 2026"
Elixir of youth found hidden inside ancient pyramid,MUST READ: Explorers in Egypt have discovered an ancient chamber containing a glowing potion that reverses aging. Big pharma is trying to hide this discovery from you!,mysteries,"May 20, 2026"
Government planning to ban all physical currency next week,The government is secretly preparing a complete shutdown of the banking system this coming Sunday. All physical paper cash will be declared illegal and confiscated.,fakePolitics,"May 20, 2026"
Hollywood star reveals secret society controlling the weather,"In a viral live-stream, a popular Hollywood actor exposed the secret climate control lasers operated by a global cabal that are causing summer snowstorms.",entertainment,"May 20, 2026"
Water-powered engine invented but suppressed by oil companies,"An independent inventor has successfully run his car on standard tap water for six months. However, secret agents raided his lab and destroyed the blueprints.",secrets,"May 20, 2026"
Unbelievable: Local politician caught speaking to time travelers,"Exclusive footage shows a local senator entering a suspicious blue phone booth and disappearing, with sources claiming he is collaborating with future rulers.",conspiracy,"May 20, 2026"
"Superfood cures all diseases instantly, health officials shocked","This simple kitchen ingredient will cure diabetes, cancer, and heart disease overnight. Doctors are furious that this cheap secret has been leaked online.",health,"May 20, 2026"
Scientists prove the moon is actually hollow and made of metal,"Astronomers have leaked audio recordings from the Apollo mission showing hollow echoing sounds when landing, proving the moon is a giant metal hollow sphere.",secrets,"May 20, 2026"
Lost city of Atlantis found off the coast of Florida,"SATELLITE IMAGES reveal massive marble structures and pyramids under the ocean near Miami, confirming that the mythical lost continent of Atlantis has been found.",mysteries,"May 20, 2026"
New law forces citizens to adopt robotic pets by end of year,An official decree will require every household to replace their domestic dogs and cats with automated robotic AI companions to conserve ecological resources.,fakePolitics,"May 20, 2026"
Shocking! Secret alien base discovered in Antarctica,"SHOCKING NEWS! Whistleblowers have leaked top secret military documents proving that a massive underground alien base is operating in Antarctica, completely hidden from the public eye.",conspiracy,"May 20, 2026"
Elixir of youth found hidden inside ancient pyramid,MUST READ: Explorers in Egypt have discovered an ancient chamber containing a glowing potion that reverses aging. Big pharma is trying to hide this discovery from you!,mysteries,"May 20, 2026"
Government planning to ban all physical currency next week,The government is secretly preparing a complete shutdown of the banking system this coming Sunday. All physical paper cash will be declared illegal and confiscated.,fakePolitics,"May 20, 2026"
Hollywood star reveals secret society controlling the weather,"In a viral live-stream, a popular Hollywood actor exposed the secret climate control lasers operated by a global cabal that are causing summer snowstorms.",entertainment,"May 20, 2026"
Water-powered engine invented but suppressed by oil companies,"An independent inventor has successfully run his car on standard tap water for six months. However, secret agents raided his lab and destroyed the blueprints.",secrets,"May 20, 2026"
Unbelievable: Local politician caught speaking to time travelers,"Exclusive footage shows a local senator entering a suspicious blue phone booth and disappearing, with sources claiming he is collaborating with future rulers.",conspiracy,"May 20, 2026"
"Superfood cures all diseases instantly, health officials shocked","This simple kitchen ingredient will cure diabetes, cancer, and heart disease overnight. Doctors are furious that this cheap secret has been leaked online.",health,"May 20, 2026"
Scientists prove the moon is actually hollow and made of metal,"Astronomers have leaked audio recordings from the Apollo mission showing hollow echoing sounds when landing, proving the moon is a giant metal hollow sphere.",secrets,"May 20, 2026"
Lost city of Atlantis found off the coast of Florida,"SATELLITE IMAGES reveal massive marble structures and pyramids under the ocean near Miami, confirming that the mythical lost continent of Atlantis has been found.",mysteries,"May 20, 2026"
New law forces citizens to adopt robotic pets by end of year,An official decree will require every household to replace their domestic dogs and cats with automated robotic AI companions to conserve ecological resources.,fakePolitics,"May 20, 2026"
Shocking! Secret alien base discovered in Antarctica,"SHOCKING NEWS! Whistleblowers have leaked top secret military documents proving that a massive underground alien base is operating in Antarctica, completely hidden from the public eye.",conspiracy,"May 20, 2026"
Elixir of youth found hidden inside ancient pyramid,MUST READ: Explorers in Egypt have discovered an ancient chamber containing a glowing potion that reverses aging. Big pharma is trying to hide this discovery from you!,mysteries,"May 20, 2026"
Government planning to ban all physical currency next week,The government is secretly preparing a complete shutdown of the banking system this coming Sunday. All physical paper cash will be declared illegal and confiscated.,fakePolitics,"May 20, 2026"
Hollywood star reveals secret society controlling the weather,"In a viral live-stream, a popular Hollywood actor exposed the secret climate control lasers operated by a global cabal that are causing summer snowstorms.",entertainment,"May 20, 2026"
Water-powered engine invented but suppressed by oil companies,"An independent inventor has successfully run his car on standard tap water for six months. However, secret agents raided his lab and destroyed the blueprints.",secrets,"May 20, 2026"
Unbelievable: Local politician caught speaking to time travelers,"Exclusive footage shows a local senator entering a suspicious blue phone booth and disappearing, with sources claiming he is collaborating with future rulers.",conspiracy,"May 20, 2026"
"Superfood cures all diseases instantly, health officials shocked","This simple kitchen ingredient will cure diabetes, cancer, and heart disease overnight. Doctors are furious that this cheap secret has been leaked online.",health,"May 20, 2026"
Scientists prove the moon is actually hollow and made of metal,"Astronomers have leaked audio recordings from the Apollo mission showing hollow echoing sounds when landing, proving the moon is a giant metal hollow sphere.",secrets,"May 20, 2026"
Lost city of Atlantis found off the coast of Florida,"SATELLITE IMAGES reveal massive marble structures and pyramids under the ocean near Miami, confirming that the mythical lost continent of Atlantis has been found.",mysteries,"May 20, 2026"
New law forces citizens to adopt robotic pets by end of year,An official decree will require every household to replace their domestic dogs and cats with automated robotic AI companions to conserve ecological resources.,fakePolitics,"May 20, 2026"
Shocking! Secret alien base discovered in Antarctica,"SHOCKING NEWS! Whistleblowers have leaked top secret military documents proving that a massive underground alien base is operating in Antarctica, completely hidden from the public eye.",conspiracy,"May 20, 2026"
Elixir of youth found hidden inside ancient pyramid,MUST READ: Explorers in Egypt have discovered an ancient chamber containing a glowing potion that reverses aging. Big pharma is trying to hide this discovery from you!,mysteries,"May 20, 2026"
Government planning to ban all physical currency next week,The government is secretly preparing a complete shutdown of the banking system this coming Sunday. All physical paper cash will be declared illegal and confiscated.,fakePolitics,"May 20, 2026"
Hollywood star reveals secret society controlling the weather,"In a viral live-stream, a popular Hollywood actor exposed the secret climate control lasers operated by a global cabal that are causing summer snowstorms.",entertainment,"May 20, 2026"
Water-powered engine invented but suppressed by oil companies,"An independent inventor has successfully run his car on standard tap water for six months. However, secret agents raided his lab and destroyed the blueprints.",secrets,"May 20, 2026"
Unbelievable: Local politician caught speaking to time travelers,"Exclusive footage shows a local senator entering a suspicious blue phone booth and disappearing, with sources claiming he is collaborating with future rulers.",conspiracy,"May 20, 2026"
"Superfood cures all diseases instantly, health officials shocked","This simple kitchen ingredient will cure diabetes, cancer, and heart disease overnight. Doctors are furious that this cheap secret has been leaked online.",health,"May 20, 2026"
Scientists prove the moon is actually hollow and made of metal,"Astronomers have leaked audio recordings from the Apollo mission showing hollow echoing sounds when landing, proving the moon is a giant metal hollow sphere.",secrets,"May 20, 2026"
Lost city of Atlantis found off the coast of Florida,"SATELLITE IMAGES reveal massive marble structures and pyramids under the ocean near Miami, confirming that the mythical lost continent of Atlantis has been found.",mysteries,"May 20, 2026"
New law forces citizens to adopt robotic pets by end of year,An official decree will require every household to replace their domestic dogs and cats with automated robotic AI companions to conserve ecological resources.,fakePolitics,"May 20, 2026"
Shocking! Secret alien base discovered in Antarctica,"SHOCKING NEWS! Whistleblowers have leaked top secret military documents proving that a massive underground alien base is operating in Antarctica, completely hidden from the public eye.",conspiracy,"May 20, 2026"
Elixir of youth found hidden inside ancient pyramid,MUST READ: Explorers in Egypt have discovered an ancient chamber containing a glowing potion that reverses aging. Big pharma is trying to hide this discovery from you!,mysteries,"May 20, 2026"
Government planning to ban all physical currency next week,The government is secretly preparing a complete shutdown of the banking system this coming Sunday. All physical paper cash will be declared illegal and confiscated.,fakePolitics,"May 20, 2026"
Hollywood star reveals secret society controlling the weather,"In a viral live-stream, a popular Hollywood actor exposed the secret climate control lasers operated by a global cabal that are causing summer snowstorms.",entertainment,"May 20, 2026"
Water-powered engine invented but suppressed by oil companies,"An independent inventor has successfully run his car on standard tap water for six months. However, secret agents raided his lab and destroyed the blueprints.",secrets,"May 20, 2026"
Unbelievable: Local politician caught speaking to time travelers,"Exclusive footage shows a local senator entering a suspicious blue phone booth and disappearing, with sources claiming he is collaborating with future rulers.",conspiracy,"May 20, 2026"
"Superfood cures all diseases instantly, health officials shocked","This simple kitchen ingredient will cure diabetes, cancer, and heart disease overnight. Doctors are furious that this cheap secret has been leaked online.",health,"May 20, 2026"
Scientists prove the moon is actually hollow and made of metal,"Astronomers have leaked audio recordings from the Apollo mission showing hollow echoing sounds when landing, proving the moon is a giant metal hollow sphere.",secrets,"May 20, 2026"
Lost city of Atlantis found off the coast of Florida,"SATELLITE IMAGES reveal massive marble structures and pyramids under the ocean near Miami, confirming that the mythical lost continent of Atlantis has been found.",mysteries,"May 20, 2026"
New law forces citizens to adopt robotic pets by end of year,An official decree will require every household to replace their domestic dogs and cats with automated robotic AI companions to conserve ecological resources.,fakePolitics,"May 20, 2026"
Shocking! Secret alien base discovered in Antarctica,"SHOCKING NEWS! Whistleblowers have leaked top secret military documents proving that a massive underground alien base is operating in Antarctica, completely hidden from the public eye.",conspiracy,"May 20, 2026"
Elixir of youth found hidden inside ancient pyramid,MUST READ: Explorers in Egypt have discovered an ancient chamber containing a glowing potion that reverses aging. Big pharma is trying to hide this discovery from you!,mysteries,"May 20, 2026"
Government planning to ban all physical currency next week,The government is secretly preparing a complete shutdown of the banking system this coming Sunday. All physical paper cash will be declared illegal and confiscated.,fakePolitics,"May 20, 2026"
Hollywood star reveals secret society controlling the weather,"In a viral live-stream, a popular Hollywood actor exposed the secret climate control lasers operated by a global cabal that are causing summer snowstorms.",entertainment,"May 20, 2026"
Water-powered engine invented but suppressed by oil companies,"An independent inventor has successfully run his car on standard tap water for six months. However, secret agents raided his lab and destroyed the blueprints.",secrets,"May 20, 2026"
Unbelievable: Local politician caught speaking to time travelers,"Exclusive footage shows a local senator entering a suspicious blue phone booth and disappearing, with sources claiming he is collaborating with future rulers.",conspiracy,"May 20, 2026"
"Superfood cures all diseases instantly, health officials shocked","This simple kitchen ingredient will cure diabetes, cancer, and heart disease overnight. Doctors are furious that this cheap secret has been leaked online.",health,"May 20, 2026"
Scientists prove the moon is actually hollow and made of metal,"Astronomers have leaked audio recordings from the Apollo mission showing hollow echoing sounds when landing, proving the moon is a giant metal hollow sphere.",secrets,"May 20, 2026"
Lost city of Atlantis found off the coast of Florida,"SATELLITE IMAGES reveal massive marble structures and pyramids under the ocean near Miami, confirming that the mythical lost continent of Atlantis has been found.",mysteries,"May 20, 2026"
New law forces citizens to adopt robotic pets by end of year,An official decree will require every household to replace their domestic dogs and cats with automated robotic AI companions to conserve ecological resources.,fakePolitics,"May 20, 2026"
Shocking! Secret alien base discovered in Antarctica,"SHOCKING NEWS! Whistleblowers have leaked top secret military documents proving that a massive underground alien base is operating in Antarctica, completely hidden from the public eye.",conspiracy,"May 20, 2026"
Elixir of youth found hidden inside ancient pyramid,MUST READ: Explorers in Egypt have discovered an ancient chamber containing a glowing potion that reverses aging. Big pharma is trying to hide this discovery from you!,mysteries,"May 20, 2026"
Government planning to ban all physical currency next week,The government is secretly preparing a complete shutdown of the banking system this coming Sunday. All physical paper cash will be declared illegal and confiscated.,fakePolitics,"May 20, 2026"
Hollywood star reveals secret society controlling the weather,"In a viral live-stream, a popular Hollywood actor exposed the secret climate control lasers operated by a global cabal that are causing summer snowstorms.",entertainment,"May 20, 2026"
Water-powered engine invented but suppressed by oil companies,"An independent inventor has successfully run his car on standard tap water for six months. However, secret agents raided his lab and destroyed the blueprints.",secrets,"May 20, 2026"
Unbelievable: Local politician caught speaking to time travelers,"Exclusive footage shows a local senator entering a suspicious blue phone booth and disappearing, with sources claiming he is collaborating with future rulers.",conspiracy,"May 20, 2026"
"Superfood cures all diseases instantly, health officials shocked","This simple kitchen ingredient will cure diabetes, cancer, and heart disease overnight. Doctors are furious that this cheap secret has been leaked online.",health,"May 20, 2026"
Scientists prove the moon is actually hollow and made of metal,"Astronomers have leaked audio recordings from the Apollo mission showing hollow echoing sounds when landing, proving the moon is a giant metal hollow sphere.",secrets,"May 20, 2026"
Lost city of Atlantis found off the coast of Florida,"SATELLITE IMAGES reveal massive marble structures and pyramids under the ocean near Miami, confirming that the mythical lost continent of Atlantis has been found.",mysteries,"May 20, 2026"
New law forces citizens to adopt robotic pets by end of year,An official decree will require every household to replace their domestic dogs and cats with automated robotic AI companions to conserve ecological resources.,fakePolitics,"May 20, 2026"
Shocking! Secret alien base discovered in Antarctica,"SHOCKING NEWS! Whistleblowers have leaked top secret military documents proving that a massive underground alien base is operating in Antarctica, completely hidden from the public eye.",conspiracy,"May 20, 2026"
Elixir of youth found hidden inside ancient pyramid,MUST READ: Explorers in Egypt have discovered an ancient chamber containing a glowing potion that reverses aging. Big pharma is trying to hide this discovery from you!,mysteries,"May 20, 2026"
Government planning to ban all physical currency next week,The government is secretly preparing a complete shutdown of the banking system this coming Sunday. All physical paper cash will be declared illegal and confiscated.,fakePolitics,"May 20, 2026"
Hollywood star reveals secret society controlling the weather,"In a viral live-stream, a popular Hollywood actor exposed the secret climate control lasers operated by a global cabal that are causing summer snowstorms.",entertainment,"May 20, 2026"
Water-powered engine invented but suppressed by oil companies,"An independent inventor has successfully run his car on standard tap water for six months. However, secret agents raided his lab and destroyed the blueprints.",secrets,"May 20, 2026"
Unbelievable: Local politician caught speaking to time travelers,"Exclusive footage shows a local senator entering a suspicious blue phone booth and disappearing, with sources claiming he is collaborating with future rulers.",conspiracy,"May 20, 2026"
"Superfood cures all diseases instantly, health officials shocked","This simple kitchen ingredient will cure diabetes, cancer, and heart disease overnight. Doctors are furious that this cheap secret has been leaked online.",health,"May 20, 2026"
Scientists prove the moon is actually hollow and made of metal,"Astronomers have leaked audio recordings from the Apollo mission showing hollow echoing sounds when landing, proving the moon is a giant metal hollow sphere.",secrets,"May 20, 2026"
Lost city of Atlantis found off the coast of Florida,"SATELLITE IMAGES reveal massive marble structures and pyramids under the ocean near Miami, confirming that the mythical lost continent of Atlantis has been found.",mysteries,"May 20, 2026"
New law forces citizens to adopt robotic pets by end of year,An official decree will require every household to replace their domestic dogs and cats with automated robotic AI companions to conserve ecological resources.,fakePolitics,"May 20, 2026"
Shocking! Secret alien base discovered in Antarctica,"SHOCKING NEWS! Whistleblowers have leaked top secret military documents proving that a massive underground alien base is operating in Antarctica, completely hidden from the public eye.",conspiracy,"May 20, 2026"
Elixir of youth found hidden inside ancient pyramid,MUST READ: Explorers in Egypt have discovered an ancient chamber containing a glowing potion that reverses aging. Big pharma is trying to hide this discovery from you!,mysteries,"May 20, 2026"
Government planning to ban all physical currency next week,The government is secretly preparing a complete shutdown of the banking system this coming Sunday. All physical paper cash will be declared illegal and confiscated.,fakePolitics,"May 20, 2026"
Hollywood star reveals secret society controlling the weather,"In a viral live-stream, a popular Hollywood actor exposed the secret climate control lasers operated by a global cabal that are causing summer snowstorms.",entertainment,"May 20, 2026"
Water-powered engine invented but suppressed by oil companies,"An independent inventor has successfully run his car on standard tap water for six months. However, secret agents raided his lab and destroyed the blueprints.",secrets,"May 20, 2026"
Unbelievable: Local politician caught speaking to time travelers,"Exclusive footage shows a local senator entering a suspicious blue phone booth and disappearing, with sources claiming he is collaborating with future rulers.",conspiracy,"May 20, 2026"
"Superfood cures all diseases instantly, health officials shocked","This simple kitchen ingredient will cure diabetes, cancer, and heart disease overnight. Doctors are furious that this cheap secret has been leaked online.",health,"May 20, 2026"
Scientists prove the moon is actually hollow and made of metal,"Astronomers have leaked audio recordings from the Apollo mission showing hollow echoing sounds when landing, proving the moon is a giant metal hollow sphere.",secrets,"May 20, 2026"
Lost city of Atlantis found off the coast of Florida,"SATELLITE IMAGES reveal massive marble structures and pyramids under the ocean near Miami, confirming that the mythical lost continent of Atlantis has been found.",mysteries,"May 20, 2026"
New law forces citizens to adopt robotic pets by end of year,An official decree will require every household to replace their domestic dogs and cats with automated robotic AI companions to conserve ecological resources.,fakePolitics,"May 20, 2026"
Shocking! Secret alien base discovered in Antarctica,"SHOCKING NEWS! Whistleblowers have leaked top secret military documents proving that a massive underground alien base is operating in Antarctica, completely hidden from the public eye.",conspiracy,"May 20, 2026"
Elixir of youth found hidden inside ancient pyramid,MUST READ: Explorers in Egypt have discovered an ancient chamber containing a glowing potion that reverses aging. Big pharma is trying to hide this discovery from you!,mysteries,"May 20, 2026"
Government planning to ban all physical currency next week,The government is secretly preparing a complete shutdown of the banking system this coming Sunday. All physical paper cash will be declared illegal and confiscated.,fakePolitics,"May 20, 2026"
Hollywood star reveals secret society controlling the weather,"In a viral live-stream, a popular Hollywood actor exposed the secret climate control lasers operated by a global cabal that are causing summer snowstorms.",entertainment,"May 20, 2026"
Water-powered engine invented but suppressed by oil companies,"An independent inventor has successfully run his car on standard tap water for six months. However, secret agents raided his lab and destroyed the blueprints.",secrets,"May 20, 2026"
Unbelievable: Local politician caught speaking to time travelers,"Exclusive footage shows a local senator entering a suspicious blue phone booth and disappearing, with sources claiming he is collaborating with future rulers.",conspiracy,"May 20, 2026"
"Superfood cures all diseases instantly, health officials shocked","This simple kitchen ingredient will cure diabetes, cancer, and heart disease overnight. Doctors are furious that this cheap secret has been leaked online.",health,"May 20, 2026"
Scientists prove the moon is actually hollow and made of metal,"Astronomers have leaked audio recordings from the Apollo mission showing hollow echoing sounds when landing, proving the moon is a giant metal hollow sphere.",secrets,"May 20, 2026"
Lost city of Atlantis found off the coast of Florida,"SATELLITE IMAGES reveal massive marble structures and pyramids under the ocean near Miami, confirming that the mythical lost continent of Atlantis has been found.",mysteries,"May 20, 2026"
New law forces citizens to adopt robotic pets by end of year,An official decree will require every household to replace their domestic dogs and cats with automated robotic AI companions to conserve ecological resources.,fakePolitics,"May 20, 2026"
Shocking! Secret alien base discovered in Antarctica,"SHOCKING NEWS! Whistleblowers have leaked top secret military documents proving that a massive underground alien base is operating in Antarctica, completely hidden from the public eye.",conspiracy,"May 20, 2026"
Elixir of youth found hidden inside ancient pyramid,MUST READ: Explorers in Egypt have discovered an ancient chamber containing a glowing potion that reverses aging. Big pharma is trying to hide this discovery from you!,mysteries,"May 20, 2026"
Government planning to ban all physical currency next week,The government is secretly preparing a complete shutdown of the banking system this coming Sunday. All physical paper cash will be declared illegal and confiscated.,fakePolitics,"May 20, 2026"
Hollywood star reveals secret society controlling the weather,"In a viral live-stream, a popular Hollywood actor exposed the secret climate control lasers operated by a global cabal that are causing summer snowstorms.",entertainment,"May 20, 2026"
Water-powered engine invented but suppressed by oil companies,"An independent inventor has successfully run his car on standard tap water for six months. However, secret agents raided his lab and destroyed the blueprints.",secrets,"May 20, 2026"
Unbelievable: Local politician caught speaking to time travelers,"Exclusive footage shows a local senator entering a suspicious blue phone booth and disappearing, with sources claiming he is collaborating with future rulers.",conspiracy,"May 20, 2026"
"Superfood cures all diseases instantly, health officials shocked","This simple kitchen ingredient will cure diabetes, cancer, and heart disease overnight. Doctors are furious that this cheap secret has been leaked online.",health,"May 20, 2026"
Scientists prove the moon is actually hollow and made of metal,"Astronomers have leaked audio recordings from the Apollo mission showing hollow echoing sounds when landing, proving the moon is a giant metal hollow sphere.",secrets,"May 20, 2026"
Lost city of Atlantis found off the coast of Florida,"SATELLITE IMAGES reveal massive marble structures and pyramids under the ocean near Miami, confirming that the mythical lost continent of Atlantis has been found.",mysteries,"May 20, 2026"
New law forces citizens to adopt robotic pets by end of year,An official decree will require every household to replace their domestic dogs and cats with automated robotic AI companions to conserve ecological resources.,fakePolitics,"May 20, 2026"
Shocking! Secret alien base discovered in Antarctica,"SHOCKING NEWS! Whistleblowers have leaked top secret military documents proving that a massive underground alien base is operating in Antarctica, completely hidden from the public eye.",conspiracy,"May 20, 2026"
Elixir of youth found hidden inside ancient pyramid,MUST READ: Explorers in Egypt have discovered an ancient chamber containing a glowing potion that reverses aging. Big pharma is trying to hide this discovery from you!,mysteries,"May 20, 2026"
Government planning to ban all physical currency next week,The government is secretly preparing a complete shutdown of the banking system this coming Sunday. All physical paper cash will be declared illegal and confiscated.,fakePolitics,"May 20, 2026"
Hollywood star reveals secret society controlling the weather,"In a viral live-stream, a popular Hollywood actor exposed the secret climate control lasers operated by a global cabal that are causing summer snowstorms.",entertainment,"May 20, 2026"
Water-powered engine invented but suppressed by oil companies,"An independent inventor has successfully run his car on standard tap water for six months. However, secret agents raided his lab and destroyed the blueprints.",secrets,"May 20, 2026"
Unbelievable: Local politician caught speaking to time travelers,"Exclusive footage shows a local senator entering a suspicious blue phone booth and disappearing, with sources claiming he is collaborating with future rulers.",conspiracy,"May 20, 2026"
"Superfood cures all diseases instantly, health officials shocked","This simple kitchen ingredient will cure diabetes, cancer, and heart disease overnight. Doctors are furious that this cheap secret has been leaked online.",health,"May 20, 2026"
Scientists prove the moon is actually hollow and made of metal,"Astronomers have leaked audio recordings from the Apollo mission showing hollow echoing sounds when landing, proving the moon is a giant metal hollow sphere.",secrets,"May 20, 2026"
Lost city of Atlantis found off the coast of Florida,"SATELLITE IMAGES reveal massive marble structures and pyramids under the ocean near Miami, confirming that the mythical lost continent of Atlantis has been found.",mysteries,"May 20, 2026"
New law forces citizens to adopt robotic pets by end of year,An official decree will require every household to replace their domestic dogs and cats with automated robotic AI companions to conserve ecological resources.,fakePolitics,"May 20, 2026"
Shocking! Secret alien base discovered in Antarctica,"SHOCKING NEWS! Whistleblowers have leaked top secret military documents proving that a massive underground alien base is operating in Antarctica, completely hidden from the public eye.",conspiracy,"May 20, 2026"
Elixir of youth found hidden inside ancient pyramid,MUST READ: Explorers in Egypt have discovered an ancient chamber containing a glowing potion that reverses aging. Big pharma is trying to hide this discovery from you!,mysteries,"May 20, 2026"
Government planning to ban all physical currency next week,The government is secretly preparing a complete shutdown of the banking system this coming Sunday. All physical paper cash will be declared illegal and confiscated.,fakePolitics,"May 20, 2026"
Hollywood star reveals secret society controlling the weather,"In a viral live-stream, a popular Hollywood actor exposed the secret climate control lasers operated by a global cabal that are causing summer snowstorms.",entertainment,"May 20, 2026"
Water-powered engine invented but suppressed by oil companies,"An independent inventor has successfully run his car on standard tap water for six months. However, secret agents raided his lab and destroyed the blueprints.",secrets,"May 20, 2026"
Unbelievable: Local politician caught speaking to time travelers,"Exclusive footage shows a local senator entering a suspicious blue phone booth and disappearing, with sources claiming he is collaborating with future rulers.",conspiracy,"May 20, 2026"
"Superfood cures all diseases instantly, health officials shocked","This simple kitchen ingredient will cure diabetes, cancer, and heart disease overnight. Doctors are furious that this cheap secret has been leaked online.",health,"May 20, 2026"
Scientists prove the moon is actually hollow and made of metal,"Astronomers have leaked audio recordings from the Apollo mission showing hollow echoing sounds when landing, proving the moon is a giant metal hollow sphere.",secrets,"May 20, 2026"
Lost city of Atlantis found off the coast of Florida,"SATELLITE IMAGES reveal massive marble structures and pyramids under the ocean near Miami, confirming that the mythical lost continent of Atlantis has been found.",mysteries,"May 20, 2026"
New law forces citizens to adopt robotic pets by end of year,An official decree will require every household to replace their domestic dogs and cats with automated robotic AI companions to conserve ecological resources.,fakePolitics,"May 20, 2026"
Shocking! Secret alien base discovered in Antarctica,"SHOCKING NEWS! Whistleblowers have leaked top secret military documents proving that a massive underground alien base is operating in Antarctica, completely hidden from the public eye.",conspiracy,"May 20, 2026"
Elixir of youth found hidden inside ancient pyramid,MUST READ: Explorers in Egypt have discovered an ancient chamber containing a glowing potion that reverses aging. Big pharma is trying to hide this discovery from you!,mysteries,"May 20, 2026"
Government planning to ban all physical currency next week,The government is secretly preparing a complete shutdown of the banking system this coming Sunday. All physical paper cash will be declared illegal and confiscated.,fakePolitics,"May 20, 2026"
Hollywood star reveals secret society controlling the weather,"In a viral live-stream, a popular Hollywood actor exposed the secret climate control lasers operated by a global cabal that are causing summer snowstorms.",entertainment,"May 20, 2026"
Water-powered engine invented but suppressed by oil companies,"An independent inventor has successfully run his car on standard tap water for six months. However, secret agents raided his lab and destroyed the blueprints.",secrets,"May 20, 2026"
Unbelievable: Local politician caught speaking to time travelers,"Exclusive footage shows a local senator entering a suspicious blue phone booth and disappearing, with sources claiming he is collaborating with future rulers.",conspiracy,"May 20, 2026"
"Superfood cures all diseases instantly, health officials shocked","This simple kitchen ingredient will cure diabetes, cancer, and heart disease overnight. Doctors are furious that this cheap secret has been leaked online.",health,"May 20, 2026"
Scientists prove the moon is actually hollow and made of metal,"Astronomers have leaked audio recordings from the Apollo mission showing hollow echoing sounds when landing, proving the moon is a giant metal hollow sphere.",secrets,"May 20, 2026"
Lost city of Atlantis found off the coast of Florida,"SATELLITE IMAGES reveal massive marble structures and pyramids under the ocean near Miami, confirming that the mythical lost continent of Atlantis has been found.",mysteries,"May 20, 2026"
New law forces citizens to adopt robotic pets by end of year,An official decree will require every household to replace their domestic dogs and cats with automated robotic AI companions to conserve ecological resources.,fakePolitics,"May 20, 2026"
Shocking! Secret alien base discovered in Antarctica,"SHOCKING NEWS! Whistleblowers have leaked top secret military documents proving that a massive underground alien base is operating in Antarctica, completely hidden from the public eye.",conspiracy,"May 20, 2026"
Elixir of youth found hidden inside ancient pyramid,MUST READ: Explorers in Egypt have discovered an ancient chamber containing a glowing potion that reverses aging. Big pharma is trying to hide this discovery from you!,mysteries,"May 20, 2026"
Government planning to ban all physical currency next week,The government is secretly preparing a complete shutdown of the banking system this coming Sunday. All physical paper cash will be declared illegal and confiscated.,fakePolitics,"May 20, 2026"
Hollywood star reveals secret society controlling the weather,"In a viral live-stream, a popular Hollywood actor exposed the secret climate control lasers operated by a global cabal that are causing summer snowstorms.",entertainment,"May 20, 2026"
Water-powered engine invented but suppressed by oil companies,"An independent inventor has successfully run his car on standard tap water for six months. However, secret agents raided his lab and destroyed the blueprints.",secrets,"May 20, 2026"
Unbelievable: Local politician caught speaking to time travelers,"Exclusive footage shows a local senator entering a suspicious blue phone booth and disappearing, with sources claiming he is collaborating with future rulers.",conspiracy,"May 20, 2026"
"Superfood cures all diseases instantly, health officials shocked","This simple kitchen ingredient will cure diabetes, cancer, and heart disease overnight. Doctors are furious that this cheap secret has been leaked online.",health,"May 20, 2026"
Scientists prove the moon is actually hollow and made of metal,"Astronomers have leaked audio recordings from the Apollo mission showing hollow echoing sounds when landing, proving the moon is a giant metal hollow sphere.",secrets,"May 20, 2026"
Lost city of Atlantis found off the coast of Florida,"SATELLITE IMAGES reveal massive marble structures and pyramids under the ocean near Miami, confirming that the mythical lost continent of Atlantis has been found.",mysteries,"May 20, 2026"
New law forces citizens to adopt robotic pets by end of year,An official decree will require every household to replace their domestic dogs and cats with automated robotic AI companions to conserve ecological resources.,fakePolitics,"May 20, 2026"
Shocking! Secret alien base discovered in Antarctica,"SHOCKING NEWS! Whistleblowers have leaked top secret military documents proving that a massive underground alien base is operating in Antarctica, completely hidden from the public eye.",conspiracy,"May 20, 2026"
Elixir of youth found hidden inside ancient pyramid,MUST READ: Explorers in Egypt have discovered an ancient chamber containing a glowing potion that reverses aging. Big pharma is trying to hide this discovery from you!,mysteries,"May 20, 2026"
Government planning to ban all physical currency next week,The government is secretly preparing a complete shutdown of the banking system this coming Sunday. All physical paper cash will be declared illegal and confiscated.,fakePolitics,"May 20, 2026"
Hollywood star reveals secret society controlling the weather,"In a viral live-stream, a popular Hollywood actor exposed the secret climate control lasers operated by a global cabal that are causing summer snowstorms.",entertainment,"May 20, 2026"
Water-powered engine invented but suppressed by oil companies,"An independent inventor has successfully run his car on standard tap water for six months. However, secret agents raided his lab and destroyed the blueprints.",secrets,"May 20, 2026"
Unbelievable: Local politician caught speaking to time travelers,"Exclusive footage shows a local senator entering a suspicious blue phone booth and disappearing, with sources claiming he is collaborating with future rulers.",conspiracy,"May 20, 2026"
"Superfood cures all diseases instantly, health officials shocked","This simple kitchen ingredient will cure diabetes, cancer, and heart disease overnight. Doctors are furious that this cheap secret has been leaked online.",health,"May 20, 2026"
Scientists prove the moon is actually hollow and made of metal,"Astronomers have leaked audio recordings from the Apollo mission showing hollow echoing sounds when landing, proving the moon is a giant metal hollow sphere.",secrets,"May 20, 2026"
Lost city of Atlantis found off the coast of Florida,"SATELLITE IMAGES reveal massive marble structures and pyramids under the ocean near Miami, confirming that the mythical lost continent of Atlantis has been found.",mysteries,"May 20, 2026"
New law forces citizens to adopt robotic pets by end of year,An official decree will require every household to replace their domestic dogs and cats with automated robotic AI companions to conserve ecological resources.,fakePolitics,"May 20, 2026"
Shocking! Secret alien base discovered in Antarctica,"SHOCKING NEWS! Whistleblowers have leaked top secret military documents proving that a massive underground alien base is operating in Antarctica, completely hidden from the public eye.",conspiracy,"May 20, 2026"
Elixir of youth found hidden inside ancient pyramid,MUST READ: Explorers in Egypt have discovered an ancient chamber containing a glowing potion that reverses aging. Big pharma is trying to hide this discovery from you!,mysteries,"May 20, 2026"
Government planning to ban all physical currency next week,The government is secretly preparing a complete shutdown of the banking system this coming Sunday. All physical paper cash will be declared illegal and confiscated.,fakePolitics,"May 20, 2026"
Hollywood star reveals secret society controlling the weather,"In a viral live-stream, a popular Hollywood actor exposed the secret climate control lasers operated by a global cabal that are causing summer snowstorms.",entertainment,"May 20, 2026"
Water-powered engine invented but suppressed by oil companies,"An independent inventor has successfully run his car on standard tap water for six months. However, secret agents raided his lab and destroyed the blueprints.",secrets,"May 20, 2026"
Unbelievable: Local politician caught speaking to time travelers,"Exclusive footage shows a local senator entering a suspicious blue phone booth and disappearing, with sources claiming he is collaborating with future rulers.",conspiracy,"May 20, 2026"
"Superfood cures all diseases instantly, health officials shocked","This simple kitchen ingredient will cure diabetes, cancer, and heart disease overnight. Doctors are furious that this cheap secret has been leaked online.",health,"May 20, 2026"
Scientists prove the moon is actually hollow and made of metal,"Astronomers have leaked audio recordings from the Apollo mission showing hollow echoing sounds when landing, proving the moon is a giant metal hollow sphere.",secrets,"May 20, 2026"
Lost city of Atlantis found off the coast of Florida,"SATELLITE IMAGES reveal massive marble structures and pyramids under the ocean near Miami, confirming that the mythical lost continent of Atlantis has been found.",mysteries,"May 20, 2026"
New law forces citizens to adopt robotic pets by end of year,An official decree will require every household to replace their domestic dogs and cats with automated robotic AI companions to conserve ecological resources.,fakePolitics,"May 20, 2026"
Shocking! Secret alien base discovered in Antarctica,"SHOCKING NEWS! Whistleblowers have leaked top secret military documents proving that a massive underground alien base is operating in Antarctica, completely hidden from the public eye.",conspiracy,"May 20, 2026"
Elixir of youth found hidden inside ancient pyramid,MUST READ: Explorers in Egypt have discovered an ancient chamber containing a glowing potion that reverses aging. Big pharma is trying to hide this discovery from you!,mysteries,"May 20, 2026"
Government planning to ban all physical currency next week,The government is secretly preparing a complete shutdown of the banking system this coming Sunday. All physical paper cash will be declared illegal and confiscated.,fakePolitics,"May 20, 2026"
Hollywood star reveals secret society controlling the weather,"In a viral live-stream, a popular Hollywood actor exposed the secret climate control lasers operated by a global cabal that are causing summer snowstorms.",entertainment,"May 20, 2026"
Water-powered engine invented but suppressed by oil companies,"An independent inventor has successfully run his car on standard tap water for six months. However, secret agents raided his lab and destroyed the blueprints.",secrets,"May 20, 2026"
Unbelievable: Local politician caught speaking to time travelers,"Exclusive footage shows a local senator entering a suspicious blue phone booth and disappearing, with sources claiming he is collaborating with future rulers.",conspiracy,"May 20, 2026"
"Superfood cures all diseases instantly, health officials shocked","This simple kitchen ingredient will cure diabetes, cancer, and heart disease overnight. Doctors are furious that this cheap secret has been leaked online.",health,"May 20, 2026"
Scientists prove the moon is actually hollow and made of metal,"Astronomers have leaked audio recordings from the Apollo mission showing hollow echoing sounds when landing, proving the moon is a giant metal hollow sphere.",secrets,"May 20, 2026"
Lost city of Atlantis found off the coast of Florida,"SATELLITE IMAGES reveal massive marble structures and pyramids under the ocean near Miami, confirming that the mythical lost continent of Atlantis has been found.",mysteries,"May 20, 2026"
New law forces citizens to adopt robotic pets by end of year,An official decree will require every household to replace their domestic dogs and cats with automated robotic AI companions to conserve ecological resources.,fakePolitics,"May 20, 2026"
Shocking! Secret alien base discovered in Antarctica,"SHOCKING NEWS! Whistleblowers have leaked top secret military documents proving that a massive underground alien base is operating in Antarctica, completely hidden from the public eye.",conspiracy,"May 20, 2026"
Elixir of youth found hidden inside ancient pyramid,MUST READ: Explorers in Egypt have discovered an ancient chamber containing a glowing potion that reverses aging. Big pharma is trying to hide this discovery from you!,mysteries,"May 20, 2026"
Government planning to ban all physical currency next week,The government is secretly preparing a complete shutdown of the banking system this coming Sunday. All physical paper cash will be declared illegal and confiscated.,fakePolitics,"May 20, 2026"
Hollywood star reveals secret society controlling the weather,"In a viral live-stream, a popular Hollywood actor exposed the secret climate control lasers operated by a global cabal that are causing summer snowstorms.",entertainment,"May 20, 2026"
Water-powered engine invented but suppressed by oil companies,"An independent inventor has successfully run his car on standard tap water for six months. However, secret agents raided his lab and destroyed the blueprints.",secrets,"May 20, 2026"
Unbelievable: Local politician caught speaking to time travelers,"Exclusive footage shows a local senator entering a suspicious blue phone booth and disappearing, with sources claiming he is collaborating with future rulers.",conspiracy,"May 20, 2026"
"Superfood cures all diseases instantly, health officials shocked","This simple kitchen ingredient will cure diabetes, cancer, and heart disease overnight. Doctors are furious that this cheap secret has been leaked online.",health,"May 20, 2026"
Scientists prove the moon is actually hollow and made of metal,"Astronomers have leaked audio recordings from the Apollo mission showing hollow echoing sounds when landing, proving the moon is a giant metal hollow sphere.",secrets,"May 20, 2026"
Lost city of Atlantis found off the coast of Florida,"SATELLITE IMAGES reveal massive marble structures and pyramids under the ocean near Miami, confirming that the mythical lost continent of Atlantis has been found.",mysteries,"May 20, 2026"
New law forces citizens to adopt robotic pets by end of year,An official decree will require every household to replace their domestic dogs and cats with automated robotic AI companions to conserve ecological resources.,fakePolitics,"May 20, 2026"
Shocking! Secret alien base discovered in Antarctica,"SHOCKING NEWS! Whistleblowers have leaked top secret military documents proving that a massive underground alien base is operating in Antarctica, completely hidden from the public eye.",conspiracy,"May 20, 2026"
Elixir of youth found hidden inside ancient pyramid,MUST READ: Explorers in Egypt have discovered an ancient chamber containing a glowing potion that reverses aging. Big pharma is trying to hide this discovery from you!,mysteries,"May 20, 2026"
Government planning to ban all physical currency next week,The government is secretly preparing a complete shutdown of the banking system this coming Sunday. All physical paper cash will be declared illegal and confiscated.,fakePolitics,"May 20, 2026"
Hollywood star reveals secret society controlling the weather,"In a viral live-stream, a popular Hollywood actor exposed the secret climate control lasers operated by a global cabal that are causing summer snowstorms.",entertainment,"May 20, 2026"
Water-powered engine invented but suppressed by oil companies,"An independent inventor has successfully run his car on standard tap water for six months. However, secret agents raided his lab and destroyed the blueprints.",secrets,"May 20, 2026"
Unbelievable: Local politician caught speaking to time travelers,"Exclusive footage shows a local senator entering a suspicious blue phone booth and disappearing, with sources claiming he is collaborating with future rulers.",conspiracy,"May 20, 2026"
"Superfood cures all diseases instantly, health officials shocked","This simple kitchen ingredient will cure diabetes, cancer, and heart disease overnight. Doctors are furious that this cheap secret has been leaked online.",health,"May 20, 2026"
Scientists prove the moon is actually hollow and made of metal,"Astronomers have leaked audio recordings from the Apollo mission showing hollow echoing sounds when landing, proving the moon is a giant metal hollow sphere.",secrets,"May 20, 2026"
Lost city of Atlantis found off the coast of Florida,"SATELLITE IMAGES reveal massive marble structures and pyramids under the ocean near Miami, confirming that the mythical lost continent of Atlantis has been found.",mysteries,"May 20, 2026"
New law forces citizens to adopt robotic pets by end of year,An official decree will require every household to replace their domestic dogs and cats with automated robotic AI companions to conserve ecological resources.,fakePolitics,"May 20, 2026"
Shocking! Secret alien base discovered in Antarctica,"SHOCKING NEWS! Whistleblowers have leaked top secret military documents proving that a massive underground alien base is operating in Antarctica, completely hidden from the public eye.",conspiracy,"May 20, 2026"
Elixir of youth found hidden inside ancient pyramid,MUST READ: Explorers in Egypt have discovered an ancient chamber containing a glowing potion that reverses aging. Big pharma is trying to hide this discovery from you!,mysteries,"May 20, 2026"
Government planning to ban all physical currency next week,The government is secretly preparing a complete shutdown of the banking system this coming Sunday. All physical paper cash will be declared illegal and confiscated.,fakePolitics,"May 20, 2026"
Hollywood star reveals secret society controlling the weather,"In a viral live-stream, a popular Hollywood actor exposed the secret climate control lasers operated by a global cabal that are causing summer snowstorms.",entertainment,"May 20, 2026"
Water-powered engine invented but suppressed by oil companies,"An independent inventor has successfully run his car on standard tap water for six months. However, secret agents raided his lab and destroyed the blueprints.",secrets,"May 20, 2026"
Unbelievable: Local politician caught speaking to time travelers,"Exclusive footage shows a local senator entering a suspicious blue phone booth and disappearing, with sources claiming he is collaborating with future rulers.",conspiracy,"May 20, 2026"
"Superfood cures all diseases instantly, health officials shocked","This simple kitchen ingredient will cure diabetes, cancer, and heart disease overnight. Doctors are furious that this cheap secret has been leaked online.",health,"May 20, 2026"
Scientists prove the moon is actually hollow and made of metal,"Astronomers have leaked audio recordings from the Apollo mission showing hollow echoing sounds when landing, proving the moon is a giant metal hollow sphere.",secrets,"May 20, 2026"
Lost city of Atlantis found off the coast of Florida,"SATELLITE IMAGES reveal massive marble structures and pyramids under the ocean near Miami, confirming that the mythical lost continent of Atlantis has been found.",mysteries,"May 20, 2026"
New law forces citizens to adopt robotic pets by end of year,An official decree will require every household to replace their domestic dogs and cats with automated robotic AI companions to conserve ecological resources.,fakePolitics,"May 20, 2026"
Shocking! Secret alien base discovered in Antarctica,"SHOCKING NEWS! Whistleblowers have leaked top secret military documents proving that a massive underground alien base is operating in Antarctica, completely hidden from the public eye.",conspiracy,"May 20, 2026"
Elixir of youth found hidden inside ancient pyramid,MUST READ: Explorers in Egypt have discovered an ancient chamber containing a glowing potion that reverses aging. Big pharma is trying to hide this discovery from you!,mysteries,"May 20, 2026"
Government planning to ban all physical currency next week,The government is secretly preparing a complete shutdown of the banking system this coming Sunday. All physical paper cash will be declared illegal and confiscated.,fakePolitics,"May 20, 2026"
Hollywood star reveals secret society controlling the weather,"In a viral live-stream, a popular Hollywood actor exposed the secret climate control lasers operated by a global cabal that are causing summer snowstorms.",entertainment,"May 20, 2026"
Water-powered engine invented but suppressed by oil companies,"An independent inventor has successfully run his car on standard tap water for six months. However, secret agents raided his lab and destroyed the blueprints.",secrets,"May 20, 2026"
Unbelievable: Local politician caught speaking to time travelers,"Exclusive footage shows a local senator entering a suspicious blue phone booth and disappearing, with sources claiming he is collaborating with future rulers.",conspiracy,"May 20, 2026"
"Superfood cures all diseases instantly, health officials shocked","This simple kitchen ingredient will cure diabetes, cancer, and heart disease overnight. Doctors are furious that this cheap secret has been leaked online.",health,"May 20, 2026"
Scientists prove the moon is actually hollow and made of metal,"Astronomers have leaked audio recordings from the Apollo mission showing hollow echoing sounds when landing, proving the moon is a giant metal hollow sphere.",secrets,"May 20, 2026"
Lost city of Atlantis found off the coast of Florida,"SATELLITE IMAGES reveal massive marble structures and pyramids under the ocean near Miami, confirming that the mythical lost continent of Atlantis has been found.",mysteries,"May 20, 2026"
New law forces citizens to adopt robotic pets by end of year,An official decree will require every household to replace their domestic dogs and cats with automated robotic AI companions to conserve ecological resources.,fakePolitics,"May 20, 2026"
Shocking! Secret alien base discovered in Antarctica,"SHOCKING NEWS! Whistleblowers have leaked top secret military documents proving that a massive underground alien base is operating in Antarctica, completely hidden from the public eye.",conspiracy,"May 20, 2026"
Elixir of youth found hidden inside ancient pyramid,MUST READ: Explorers in Egypt have discovered an ancient chamber containing a glowing potion that reverses aging. Big pharma is trying to hide this discovery from you!,mysteries,"May 20, 2026"
Government planning to ban all physical currency next week,The government is secretly preparing a complete shutdown of the banking system this coming Sunday. All physical paper cash will be declared illegal and confiscated.,fakePolitics,"May 20, 2026"
Hollywood star reveals secret society controlling the weather,"In a viral live-stream, a popular Hollywood actor exposed the secret climate control lasers operated by a global cabal that are causing summer snowstorms.",entertainment,"May 20, 2026"
Water-powered engine invented but suppressed by oil companies,"An independent inventor has successfully run his car on standard tap water for six months. However, secret agents raided his lab and destroyed the blueprints.",secrets,"May 20, 2026"
Unbelievable: Local politician caught speaking to time travelers,"Exclusive footage shows a local senator entering a suspicious blue phone booth and disappearing, with sources claiming he is collaborating with future rulers.",conspiracy,"May 20, 2026"
"Superfood cures all diseases instantly, health officials shocked","This simple kitchen ingredient will cure diabetes, cancer, and heart disease overnight. Doctors are furious that this cheap secret has been leaked online.",health,"May 20, 2026"
Scientists prove the moon is actually hollow and made of metal,"Astronomers have leaked audio recordings from the Apollo mission showing hollow echoing sounds when landing, proving the moon is a giant metal hollow sphere.",secrets,"May 20, 2026"
Lost city of Atlantis found off the coast of Florida,"SATELLITE IMAGES reveal massive marble structures and pyramids under the ocean near Miami, confirming that the mythical lost continent of Atlantis has been found.",mysteries,"May 20, 2026"
New law forces citizens to adopt robotic pets by end of year,An official decree will require every household to replace their domestic dogs and cats with automated robotic AI companions to conserve ecological resources.,fakePolitics,"May 20, 2026"
Shocking! Secret alien base discovered in Antarctica,"SHOCKING NEWS! Whistleblowers have leaked top secret military documents proving that a massive underground alien base is operating in Antarctica, completely hidden from the public eye.",conspiracy,"May 20, 2026"
Elixir of youth found hidden inside ancient pyramid,MUST READ: Explorers in Egypt have discovered an ancient chamber containing a glowing potion that reverses aging. Big pharma is trying to hide this discovery from you!,mysteries,"May 20, 2026"
Government planning to ban all physical currency next week,The government is secretly preparing a complete shutdown of the banking system this coming Sunday. All physical paper cash will be declared illegal and confiscated.,fakePolitics,"May 20, 2026"
Hollywood star reveals secret society controlling the weather,"In a viral live-stream, a popular Hollywood actor exposed the secret climate control lasers operated by a global cabal that are causing summer snowstorms.",entertainment,"May 20, 2026"
Water-powered engine invented but suppressed by oil companies,"An independent inventor has successfully run his car on standard tap water for six months. However, secret agents raided his lab and destroyed the blueprints.",secrets,"May 20, 2026"
Unbelievable: Local politician caught speaking to time travelers,"Exclusive footage shows a local senator entering a suspicious blue phone booth and disappearing, with sources claiming he is collaborating with future rulers.",conspiracy,"May 20, 2026"
"Superfood cures all diseases instantly, health officials shocked","This simple kitchen ingredient will cure diabetes, cancer, and heart disease overnight. Doctors are furious that this cheap secret has been leaked online.",health,"May 20, 2026"
Scientists prove the moon is actually hollow and made of metal,"Astronomers have leaked audio recordings from the Apollo mission showing hollow echoing sounds when landing, proving the moon is a giant metal hollow sphere.",secrets,"May 20, 2026"
Lost city of Atlantis found off the coast of Florida,"SATELLITE IMAGES reveal massive marble structures and pyramids under the ocean near Miami, confirming that the mythical lost continent of Atlantis has been found.",mysteries,"May 20, 2026"
New law forces citizens to adopt robotic pets by end of year,An official decree will require every household to replace their domestic dogs and cats with automated robotic AI companions to conserve ecological resources.,fakePolitics,"May 20, 2026"
Shocking! Secret alien base discovered in Antarctica,"SHOCKING NEWS! Whistleblowers have leaked top secret military documents proving that a massive underground alien base is operating in Antarctica, completely hidden from the public eye.",conspiracy,"May 20, 2026"
Elixir of youth found hidden inside ancient pyramid,MUST READ: Explorers in Egypt have discovered an ancient chamber containing a glowing potion that reverses aging. Big pharma is trying to hide this discovery from you!,mysteries,"May 20, 2026"
Government planning to ban all physical currency next week,The government is secretly preparing a complete shutdown of the banking system this coming Sunday. All physical paper cash will be declared illegal and confiscated.,fakePolitics,"May 20, 2026"
Hollywood star reveals secret society controlling the weather,"In a viral live-stream, a popular Hollywood actor exposed the secret climate control lasers operated by a global cabal that are causing summer snowstorms.",entertainment,"May 20, 2026"
Water-powered engine invented but suppressed by oil companies,"An independent inventor has successfully run his car on standard tap water for six months. However, secret agents raided his lab and destroyed the blueprints.",secrets,"May 20, 2026"
Unbelievable: Local politician caught speaking to time travelers,"Exclusive footage shows a local senator entering a suspicious blue phone booth and disappearing, with sources claiming he is collaborating with future rulers.",conspiracy,"May 20, 2026"
"Superfood cures all diseases instantly, health officials shocked","This simple kitchen ingredient will cure diabetes, cancer, and heart disease overnight. Doctors are furious that this cheap secret has been leaked online.",health,"May 20, 2026"
Scientists prove the moon is actually hollow and made of metal,"Astronomers have leaked audio recordings from the Apollo mission showing hollow echoing sounds when landing, proving the moon is a giant metal hollow sphere.",secrets,"May 20, 2026"
Lost city of Atlantis found off the coast of Florida,"SATELLITE IMAGES reveal massive marble structures and pyramids under the ocean near Miami, confirming that the mythical lost continent of Atlantis has been found.",mysteries,"May 20, 2026"
New law forces citizens to adopt robotic pets by end of year,An official decree will require every household to replace their domestic dogs and cats with automated robotic AI companions to conserve ecological resources.,fakePolitics,"May 20, 2026"
Shocking! Secret alien base discovered in Antarctica,"SHOCKING NEWS! Whistleblowers have leaked top secret military documents proving that a massive underground alien base is operating in Antarctica, completely hidden from the public eye.",conspiracy,"May 20, 2026"
Elixir of youth found hidden inside ancient pyramid,MUST READ: Explorers in Egypt have discovered an ancient chamber containing a glowing potion that reverses aging. Big pharma is trying to hide this discovery from you!,mysteries,"May 20, 2026"
Government planning to ban all physical currency next week,The government is secretly preparing a complete shutdown of the banking system this coming Sunday. All physical paper cash will be declared illegal and confiscated.,fakePolitics,"May 20, 2026"
Hollywood star reveals secret society controlling the weather,"In a viral live-stream, a popular Hollywood actor exposed the secret climate control lasers operated by a global cabal that are causing summer snowstorms.",entertainment,"May 20, 2026"
Water-powered engine invented but suppressed by oil companies,"An independent inventor has successfully run his car on standard tap water for six months. However, secret agents raided his lab and destroyed the blueprints.",secrets,"May 20, 2026"
Unbelievable: Local politician caught speaking to time travelers,"Exclusive footage shows a local senator entering a suspicious blue phone booth and disappearing, with sources claiming he is collaborating with future rulers.",conspiracy,"May 20, 2026"
"Superfood cures all diseases instantly, health officials shocked","This simple kitchen ingredient will cure diabetes, cancer, and heart disease overnight. Doctors are furious that this cheap secret has been leaked online.",health,"May 20, 2026"
Scientists prove the moon is actually hollow and made of metal,"Astronomers have leaked audio recordings from the Apollo mission showing hollow echoing sounds when landing, proving the moon is a giant metal hollow sphere.",secrets,"May 20, 2026"
Lost city of Atlantis found off the coast of Florida,"SATELLITE IMAGES reveal massive marble structures and pyramids under the ocean near Miami, confirming that the mythical lost continent of Atlantis has been found.",mysteries,"May 20, 2026"
New law forces citizens to adopt robotic pets by end of year,An official decree will require every household to replace their domestic dogs and cats with automated robotic AI companions to conserve ecological resources.,fakePolitics,"May 20, 2026"
Shocking! Secret alien base discovered in Antarctica,"SHOCKING NEWS! Whistleblowers have leaked top secret military documents proving that a massive underground alien base is operating in Antarctica, completely hidden from the public eye.",conspiracy,"May 20, 2026"
Elixir of youth found hidden inside ancient pyramid,MUST READ: Explorers in Egypt have discovered an ancient chamber containing a glowing potion that reverses aging. Big pharma is trying to hide this discovery from you!,mysteries,"May 20, 2026"
Government planning to ban all physical currency next week,The government is secretly preparing a complete shutdown of the banking system this coming Sunday. All physical paper cash will be declared illegal and confiscated.,fakePolitics,"May 20, 2026"
Hollywood star reveals secret society controlling the weather,"In a viral live-stream, a popular Hollywood actor exposed the secret climate control lasers operated by a global cabal that are causing summer snowstorms.",entertainment,"May 20, 2026"
Water-powered engine invented but suppressed by oil companies,"An independent inventor has successfully run his car on standard tap water for six months. However, secret agents raided his lab and destroyed the blueprints.",secrets,"May 20, 2026"
Unbelievable: Local politician caught speaking to time travelers,"Exclusive footage shows a local senator entering a suspicious blue phone booth and disappearing, with sources claiming he is collaborating with future rulers.",conspiracy,"May 20, 2026"
"Superfood cures all diseases instantly, health officials shocked","This simple kitchen ingredient will cure diabetes, cancer, and heart disease overnight. Doctors are furious that this cheap secret has been leaked online.",health,"May 20, 2026"
Scientists prove the moon is actually hollow and made of metal,"Astronomers have leaked audio recordings from the Apollo mission showing hollow echoing sounds when landing, proving the moon is a giant metal hollow sphere.",secrets,"May 20, 2026"
Lost city of Atlantis found off the coast of Florida,"SATELLITE IMAGES reveal massive marble structures and pyramids under the ocean near Miami, confirming that the mythical lost continent of Atlantis has been found.",mysteries,"May 20, 2026"
New law forces citizens to adopt robotic pets by end of year,An official decree will require every household to replace their domestic dogs and cats with automated robotic AI companions to conserve ecological resources.,fakePolitics,"May 20, 2026"
Shocking! Secret alien base discovered in Antarctica,"SHOCKING NEWS! Whistleblowers have leaked top secret military documents proving that a massive underground alien base is operating in Antarctica, completely hidden from the public eye.",conspiracy,"May 20, 2026"
Elixir of youth found hidden inside ancient pyramid,MUST READ: Explorers in Egypt have discovered an ancient chamber containing a glowing potion that reverses aging. Big pharma is trying to hide this discovery from you!,mysteries,"May 20, 2026"
Government planning to ban all physical currency next week,The government is secretly preparing a complete shutdown of the banking system this coming Sunday. All physical paper cash will be declared illegal and confiscated.,fakePolitics,"May 20, 2026"
Hollywood star reveals secret society controlling the weather,"In a viral live-stream, a popular Hollywood actor exposed the secret climate control lasers operated by a global cabal that are causing summer snowstorms.",entertainment,"May 20, 2026"
Water-powered engine invented but suppressed by oil companies,"An independent inventor has successfully run his car on standard tap water for six months. However, secret agents raided his lab and destroyed the blueprints.",secrets,"May 20, 2026"
Unbelievable: Local politician caught speaking to time travelers,"Exclusive footage shows a local senator entering a suspicious blue phone booth and disappearing, with sources claiming he is collaborating with future rulers.",conspiracy,"May 20, 2026"
"Superfood cures all diseases instantly, health officials shocked","This simple kitchen ingredient will cure diabetes, cancer, and heart disease overnight. Doctors are furious that this cheap secret has been leaked online.",health,"May 20, 2026"
Scientists prove the moon is actually hollow and made of metal,"Astronomers have leaked audio recordings from the Apollo mission showing hollow echoing sounds when landing, proving the moon is a giant metal hollow sphere.",secrets,"May 20, 2026"
Lost city of Atlantis found off the coast of Florida,"SATELLITE IMAGES reveal massive marble structures and pyramids under the ocean near Miami, confirming that the mythical lost continent of Atlantis has been found.",mysteries,"May 20, 2026"
New law forces citizens to adopt robotic pets by end of year,An official decree will require every household to replace their domestic dogs and cats with automated robotic AI companions to conserve ecological resources.,fakePolitics,"May 20, 2026"
Shocking! Secret alien base discovered in Antarctica,"SHOCKING NEWS! Whistleblowers have leaked top secret military documents proving that a massive underground alien base is operating in Antarctica, completely hidden from the public eye.",conspiracy,"May 20, 2026"
Elixir of youth found hidden inside ancient pyramid,MUST READ: Explorers in Egypt have discovered an ancient chamber containing a glowing potion that reverses aging. Big pharma is trying to hide this discovery from you!,mysteries,"May 20, 2026"
Government planning to ban all physical currency next week,The government is secretly preparing a complete shutdown of the banking system this coming Sunday. All physical paper cash will be declared illegal and confiscated.,fakePolitics,"May 20, 2026"
Hollywood star reveals secret society controlling the weather,"In a viral live-stream, a popular Hollywood actor exposed the secret climate control lasers operated by a global cabal that are causing summer snowstorms.",entertainment,"May 20, 2026"
Water-powered engine invented but suppressed by oil companies,"An independent inventor has successfully run his car on standard tap water for six months. However, secret agents raided his lab and destroyed the blueprints.",secrets,"May 20, 2026"
Unbelievable: Local politician caught speaking to time travelers,"Exclusive footage shows a local senator entering a suspicious blue phone booth and disappearing, with sources claiming he is collaborating with future rulers.",conspiracy,"May 20, 2026"
"Superfood cures all diseases instantly, health officials shocked","This simple kitchen ingredient will cure diabetes, cancer, and heart disease overnight. Doctors are furious that this cheap secret has been leaked online.",health,"May 20, 2026"
Scientists prove the moon is actually hollow and made of metal,"Astronomers have leaked audio recordings from the Apollo mission showing hollow echoing sounds when landing, proving the moon is a giant metal hollow sphere.",secrets,"May 20, 2026"
Lost city of Atlantis found off the coast of Florida,"SATELLITE IMAGES reveal massive marble structures and pyramids under the ocean near Miami, confirming that the mythical lost continent of Atlantis has been found.",mysteries,"May 20, 2026"
New law forces citizens to adopt robotic pets by end of year,An official decree will require every household to replace their domestic dogs and cats with automated robotic AI companions to conserve ecological resources.,fakePolitics,"May 20, 2026"
Shocking! Secret alien base discovered in Antarctica,"SHOCKING NEWS! Whistleblowers have leaked top secret military documents proving that a massive underground alien base is operating in Antarctica, completely hidden from the public eye.",conspiracy,"May 20, 2026"
Elixir of youth found hidden inside ancient pyramid,MUST READ: Explorers in Egypt have discovered an ancient chamber containing a glowing potion that reverses aging. Big pharma is trying to hide this discovery from you!,mysteries,"May 20, 2026"
Government planning to ban all physical currency next week,The government is secretly preparing a complete shutdown of the banking system this coming Sunday. All physical paper cash will be declared illegal and confiscated.,fakePolitics,"May 20, 2026"
Hollywood star reveals secret society controlling the weather,"In a viral live-stream, a popular Hollywood actor exposed the secret climate control lasers operated by a global cabal that are causing summer snowstorms.",entertainment,"May 20, 2026"
Water-powered engine invented but suppressed by oil companies,"An independent inventor has successfully run his car on standard tap water for six months. However, secret agents raided his lab and destroyed the blueprints.",secrets,"May 20, 2026"
Unbelievable: Local politician caught speaking to time travelers,"Exclusive footage shows a local senator entering a suspicious blue phone booth and disappearing, with sources claiming he is collaborating with future rulers.",conspiracy,"May 20, 2026"
"Superfood cures all diseases instantly, health officials shocked","This simple kitchen ingredient will cure diabetes, cancer, and heart disease overnight. Doctors are furious that this cheap secret has been leaked online.",health,"May 20, 2026"
Scientists prove the moon is actually hollow and made of metal,"Astronomers have leaked audio recordings from the Apollo mission showing hollow echoing sounds when landing, proving the moon is a giant metal hollow sphere.",secrets,"May 20, 2026"
Lost city of Atlantis found off the coast of Florida,"SATELLITE IMAGES reveal massive marble structures and pyramids under the ocean near Miami, confirming that the mythical lost continent of Atlantis has been found.",mysteries,"May 20, 2026"
New law forces citizens to adopt robotic pets by end of year,An official decree will require every household to replace their domestic dogs and cats with automated robotic AI companions to conserve ecological resources.,fakePolitics,"May 20, 2026"
Shocking! Secret alien base discovered in Antarctica,"SHOCKING NEWS! Whistleblowers have leaked top secret military documents proving that a massive underground alien base is operating in Antarctica, completely hidden from the public eye.",conspiracy,"May 20, 2026"
Elixir of youth found hidden inside ancient pyramid,MUST READ: Explorers in Egypt have discovered an ancient chamber containing a glowing potion that reverses aging. Big pharma is trying to hide this discovery from you!,mysteries,"May 20, 2026"
Government planning to ban all physical currency next week,The government is secretly preparing a complete shutdown of the banking system this coming Sunday. All physical paper cash will be declared illegal and confiscated.,fakePolitics,"May 20, 2026"
Hollywood star reveals secret society controlling the weather,"In a viral live-stream, a popular Hollywood actor exposed the secret climate control lasers operated by a global cabal that are causing summer snowstorms.",entertainment,"May 20, 2026"
Water-powered engine invented but suppressed by oil companies,"An independent inventor has successfully run his car on standard tap water for six months. However, secret agents raided his lab and destroyed the blueprints.",secrets,"May 20, 2026"
Unbelievable: Local politician caught speaking to time travelers,"Exclusive footage shows a local senator entering a suspicious blue phone booth and disappearing, with sources claiming he is collaborating with future rulers.",conspiracy,"May 20, 2026"
"Superfood cures all diseases instantly, health officials shocked","This simple kitchen ingredient will cure diabetes, cancer, and heart disease overnight. Doctors are furious that this cheap secret has been leaked online.",health,"May 20, 2026"
Scientists prove the moon is actually hollow and made of metal,"Astronomers have leaked audio recordings from the Apollo mission showing hollow echoing sounds when landing, proving the moon is a giant metal hollow sphere.",secrets,"May 20, 2026"
Lost city of Atlantis found off the coast of Florida,"SATELLITE IMAGES reveal massive marble structures and pyramids under the ocean near Miami, confirming that the mythical lost continent of Atlantis has been found.",mysteries,"May 20, 2026"
New law forces citizens to adopt robotic pets by end of year,An official decree will require every household to replace their domestic dogs and cats with automated robotic AI companions to conserve ecological resources.,fakePolitics,"May 20, 2026"
Shocking! Secret alien base discovered in Antarctica,"SHOCKING NEWS! Whistleblowers have leaked top secret military documents proving that a massive underground alien base is operating in Antarctica, completely hidden from the public eye.",conspiracy,"May 20, 2026"
Elixir of youth found hidden inside ancient pyramid,MUST READ: Explorers in Egypt have discovered an ancient chamber containing a glowing potion that reverses aging. Big pharma is trying to hide this discovery from you!,mysteries,"May 20, 2026"
Government planning to ban all physical currency next week,The government is secretly preparing a complete shutdown of the banking system this coming Sunday. All physical paper cash will be declared illegal and confiscated.,fakePolitics,"May 20, 2026"
Hollywood star reveals secret society controlling the weather,"In a viral live-stream, a popular Hollywood actor exposed the secret climate control lasers operated by a global cabal that are causing summer snowstorms.",entertainment,"May 20, 2026"
Water-powered engine invented but suppressed by oil companies,"An independent inventor has successfully run his car on standard tap water for six months. However, secret agents raided his lab and destroyed the blueprints.",secrets,"May 20, 2026"
Unbelievable: Local politician caught speaking to time travelers,"Exclusive footage shows a local senator entering a suspicious blue phone booth and disappearing, with sources claiming he is collaborating with future rulers.",conspiracy,"May 20, 2026"
"Superfood cures all diseases instantly, health officials shocked","This simple kitchen ingredient will cure diabetes, cancer, and heart disease overnight. Doctors are furious that this cheap secret has been leaked online.",health,"May 20, 2026"
Scientists prove the moon is actually hollow and made of metal,"Astronomers have leaked audio recordings from the Apollo mission showing hollow echoing sounds when landing, proving the moon is a giant metal hollow sphere.",secrets,"May 20, 2026"
Lost city of Atlantis found off the coast of Florida,"SATELLITE IMAGES reveal massive marble structures and pyramids under the ocean near Miami, confirming that the mythical lost continent of Atlantis has been found.",mysteries,"May 20, 2026"
New law forces citizens to adopt robotic pets by end of year,An official decree will require every household to replace their domestic dogs and cats with automated robotic AI companions to conserve ecological resources.,fakePolitics,"May 20, 2026"
Shocking! Secret alien base discovered in Antarctica,"SHOCKING NEWS! Whistleblowers have leaked top secret military documents proving that a massive underground alien base is operating in Antarctica, completely hidden from the public eye.",conspiracy,"May 20, 2026"
Elixir of youth found hidden inside ancient pyramid,MUST READ: Explorers in Egypt have discovered an ancient chamber containing a glowing potion that reverses aging. Big pharma is trying to hide this discovery from you!,mysteries,"May 20, 2026"
Government planning to ban all physical currency next week,The government is secretly preparing a complete shutdown of the banking system this coming Sunday. All physical paper cash will be declared illegal and confiscated.,fakePolitics,"May 20, 2026"
Hollywood star reveals secret society controlling the weather,"In a viral live-stream, a popular Hollywood actor exposed the secret climate control lasers operated by a global cabal that are causing summer snowstorms.",entertainment,"May 20, 2026"
Water-powered engine invented but suppressed by oil companies,"An independent inventor has successfully run his car on standard tap water for six months. However, secret agents raided his lab and destroyed the blueprints.",secrets,"May 20, 2026"
Unbelievable: Local politician caught speaking to time travelers,"Exclusive footage shows a local senator entering a suspicious blue phone booth and disappearing, with sources claiming he is collaborating with future rulers.",conspiracy,"May 20, 2026"
"Superfood cures all diseases instantly, health officials shocked","This simple kitchen ingredient will cure diabetes, cancer, and heart disease overnight. Doctors are furious that this cheap secret has been leaked online.",health,"May 20, 2026"
Scientists prove the moon is actually hollow and made of metal,"Astronomers have leaked audio recordings from the Apollo mission showing hollow echoing sounds when landing, proving the moon is a giant metal hollow sphere.",secrets,"May 20, 2026"
Lost city of Atlantis found off the coast of Florida,"SATELLITE IMAGES reveal massive marble structures and pyramids under the ocean near Miami, confirming that the mythical lost continent of Atlantis has been found.",mysteries,"May 20, 2026"
New law forces citizens to adopt robotic pets by end of year,An official decree will require every household to replace their domestic dogs and cats with automated robotic AI companions to conserve ecological resources.,fakePolitics,"May 20, 2026"
