title,text,subject,date
President announces new economic policy,WASHINGTON (Reuters) - The federal government announced a series of sweeping economic reforms today aimed at curbing inflation and boosting job growth across tech and manufacturing sectors.,politics,"May 20, 2026"
Scientists discover new water source on Mars,"PASADENA (Reuters) - NASA researchers have confirmed the discovery of liquid water reserves deep beneath the surface of Mars, using high-resolution radar data from orbiting spacecraft.",science,"May 20, 2026"
Global summit addresses climate change challenges,GENEVA (Reuters) - World leaders gathered in Switzerland to sign a landmark treaty committing nations to faster carbon emission reductions over the next decade.,worldnews,"May 20, 2026"
Local library hosts annual reading festival,"BOSTON (Reuters) - The Boston Public Library welcomed over ten thousand visitors to its annual weekend reading festival, promoting literacy and supporting local independent authors.",local,"May 20, 2026"
Tech giant launches open source AI model,SAN FRANCISCO (Reuters) - Leading artificial intelligence company announced the release of its advanced neural network codebase under a fully permissive open-source license.,tech,"May 20, 2026"
Major medical breakthrough in cancer research announced,"LONDON (Reuters) - Clinical trials at Oxford have shown highly promising results for a new targeted immunotherapy, showing high efficacy rates in early-stage trials.",science,"May 20, 2026"
Spacecraft successfully lands on asteroid,TOKYO (Reuters) - The national space agency confirmed that its deep-space probe has successfully touched down on asteroid Ryugu and collected surface samples.,science,"May 20, 2026"
Prime Minister signs historic trade agreement,"BRUSSELS (Reuters) - Officials from the European Union signed a comprehensive free trade deal, lowering tariffs and standardizing regulatory frameworks.",worldnews,"May 20, 2026"
National park expands protected wildlife zone,DENVER (Reuters) - The Department of the Interior has added over fifty thousand acres to the Rocky Mountain National Park to protect migratory routes of elk and sheep.,local,"May 20, 2026"
New education bill passed by congress with bipartisan support,"WASHINGTON (Reuters) - Both parties came together to pass the educational funding bill, providing historic resources to public schools and state universities.",politics,"May 20, 2026"
President announces new economic policy,WASHINGTON (Reuters) - The federal government announced a series of sweeping economic reforms today aimed at curbing inflation and boosting job growth across tech and manufacturing sectors.,politics,"May 20, 2026"
Scientists discover new water source on Mars,"PASADENA (Reuters) - NASA researchers have confirmed the discovery of liquid water reserves deep beneath the surface of Mars, using high-resolution radar data from orbiting spacecraft.",science,"May 20, 2026"
Global summit addresses climate change challenges,GENEVA (Reuters) - World leaders gathered in Switzerland to sign a landmark treaty committing nations to faster carbon emission reductions over the next decade.,worldnews,"May 20, 2026"
Local library hosts annual reading festival,"BOSTON (Reuters) - The Boston Public Library welcomed over ten thousand visitors to its annual weekend reading festival, promoting literacy and supporting local independent authors.",local,"May 20, 2026"
Tech giant launches open source AI model,SAN FRANCISCO (Reuters) - Leading artificial intelligence company announced the release of its advanced neural network codebase under a fully permissive open-source license.,tech,"May 20, 2026"
Major medical breakthrough in cancer research announced,"LONDON (Reuters) - Clinical trials at Oxford have shown highly promising results for a new targeted immunotherapy, showing high efficacy rates in early-stage trials.",science,"May 20, 2026"
Spacecraft successfully lands on asteroid,TOKYO (Reuters) - The national space agency confirmed that its deep-space probe has successfully touched down on asteroid Ryugu and collected surface samples.,science,"May 20, 2026"
Prime Minister signs historic trade agreement,"BRUSSELS (Reuters) - Officials from the European Union signed a comprehensive free trade deal, lowering tariffs and standardizing regulatory frameworks.",worldnews,"May 20, 2026"
National park expands protected wildlife zone,DENVER (Reuters) - The Department of the Interior has added over fifty thousand acres to the Rocky Mountain National Park to protect migratory routes of elk and sheep.,local,"May 20, 2026"
New education bill passed by congress with bipartisan support,"WASHINGTON (Reuters) - Both parties came together to pass the educational funding bill, providing historic resources to public schools and state universities.",politics,"May 20, 2026"
President announces new economic policy,WASHINGTON (Reuters) - The federal government announced a series of sweeping economic reforms today aimed at curbing inflation and boosting job growth across tech and manufacturing sectors.,politics,"May 20, 2026"
Scientists discover new water source on Mars,"PASADENA (Reuters) - NASA researchers have confirmed the discovery of liquid water reserves deep beneath the surface of Mars, using high-resolution radar data from orbiting spacecraft.",science,"May 20, 2026"
Global summit addresses climate change challenges,GENEVA (Reuters) - World leaders gathered in Switzerland to sign a landmark treaty committing nations to faster carbon emission reductions over the next decade.,worldnews,"May 20, 2026"
Local library hosts annual reading festival,"BOSTON (Reuters) - The Boston Public Library welcomed over ten thousand visitors to its annual weekend reading festival, promoting literacy and supporting local independent authors.",local,"May 20, 2026"
Tech giant launches open source AI model,SAN FRANCISCO (Reuters) - Leading artificial intelligence company announced the release of its advanced neural network codebase under a fully permissive open-source license.,tech,"May 20, 2026"
Major medical breakthrough in cancer research announced,"LONDON (Reuters) - Clinical trials at Oxford have shown highly promising results for a new targeted immunotherapy, showing high efficacy rates in early-stage trials.",science,"May 20, 2026"
Spacecraft successfully lands on asteroid,TOKYO (Reuters) - The national space agency confirmed that its deep-space probe has successfully touched down on asteroid Ryugu and collected surface samples.,science,"May 20, 2026"
Prime Minister signs historic trade agreement,"BRUSSELS (Reuters) - Officials from the European Union signed a comprehensive free trade deal, lowering tariffs and standardizing regulatory frameworks.",worldnews,"May 20, 2026"
National park expands protected wildlife zone,DENVER (Reuters) - The Department of the Interior has added over fifty thousand acres to the Rocky Mountain National Park to protect migratory routes of elk and sheep.,local,"May 20, 2026"
New education bill passed by congress with bipartisan support,"WASHINGTON (Reuters) - Both parties came together to pass the educational funding bill, providing historic resources to public schools and state universities.",politics,"May 20, 2026"
President announces new economic policy,WASHINGTON (Reuters) - The federal government announced a series of sweeping economic reforms today aimed at curbing inflation and boosting job growth across tech and manufacturing sectors.,politics,"May 20, 2026"
Scientists discover new water source on Mars,"PASADENA (Reuters) - NASA researchers have confirmed the discovery of liquid water reserves deep beneath the surface of Mars, using high-resolution radar data from orbiting spacecraft.",science,"May 20, 2026"
Global summit addresses climate change challenges,GENEVA (Reuters) - World leaders gathered in Switzerland to sign a landmark treaty committing nations to faster carbon emission reductions over the next decade.,worldnews,"May 20, 2026"
Local library hosts annual reading festival,"BOSTON (Reuters) - The Boston Public Library welcomed over ten thousand visitors to its annual weekend reading festival, promoting literacy and supporting local independent authors.",local,"May 20, 2026"
Tech giant launches open source AI model,SAN FRANCISCO (Reuters) - Leading artificial intelligence company announced the release of its advanced neural network codebase under a fully permissive open-source license.,tech,"May 20, 2026"
Major medical breakthrough in cancer research announced,"LONDON (Reuters) - Clinical trials at Oxford have shown highly promising results for a new targeted immunotherapy, showing high efficacy rates in early-stage trials.",science,"May 20, 2026"
Spacecraft successfully lands on asteroid,TOKYO (Reuters) - The national space agency confirmed that its deep-space probe has successfully touched down on asteroid Ryugu and collected surface samples.,science,"May 20, 2026"
Prime Minister signs historic trade agreement,"BRUSSELS (Reuters) - Officials from the European Union signed a comprehensive free trade deal, lowering tariffs and standardizing regulatory frameworks.",worldnews,"May 20, 2026"
National park expands protected wildlife zone,DENVER (Reuters) - The Department of the Interior has added over fifty thousand acres to the Rocky Mountain National Park to protect migratory routes of elk and sheep.,local,"May 20, 2026"
New education bill passed by congress with bipartisan support,"WASHINGTON (Reuters) - Both parties came together to pass the educational funding bill, providing historic resources to public schools and state universities.",politics,"May 20, 2026"
President announces new economic policy,WASHINGTON (Reuters) - The federal government announced a series of sweeping economic reforms today aimed at curbing inflation and boosting job growth across tech and manufacturing sectors.,politics,"May 20, 2026"
Scientists discover new water source on Mars,"PASADENA (Reuters) - NASA researchers have confirmed the discovery of liquid water reserves deep beneath the surface of Mars, using high-resolution radar data from orbiting spacecraft.",science,"May 20, 2026"
Global summit addresses climate change challenges,GENEVA (Reuters) - World leaders gathered in Switzerland to sign a landmark treaty committing nations to faster carbon emission reductions over the next decade.,worldnews,"May 20, 2026"
Local library hosts annual reading festival,"BOSTON (Reuters) - The Boston Public Library welcomed over ten thousand visitors to its annual weekend reading festival, promoting literacy and supporting local independent authors.",local,"May 20, 2026"
Tech giant launches open source AI model,SAN FRANCISCO (Reuters) - Leading artificial intelligence company announced the release of its advanced neural network codebase under a fully permissive open-source license.,tech,"May 20, 2026"
Major medical breakthrough in cancer research announced,"LONDON (Reuters) - Clinical trials at Oxford have shown highly promising results for a new targeted immunotherapy, showing high efficacy rates in early-stage trials.",science,"May 20, 2026"
Spacecraft successfully lands on asteroid,TOKYO (Reuters) - The national space agency confirmed that its deep-space probe has successfully touched down on asteroid Ryugu and collected surface samples.,science,"May 20, 2026"
Prime Minister signs historic trade agreement,"BRUSSELS (Reuters) - Officials from the European Union signed a comprehensive free trade deal, lowering tariffs and standardizing regulatory frameworks.",worldnews,"May 20, 2026"
National park expands protected wildlife zone,DENVER (Reuters) - The Department of the Interior has added over fifty thousand acres to the Rocky Mountain National Park to protect migratory routes of elk and sheep.,local,"May 20, 2026"
New education bill passed by congress with bipartisan support,"WASHINGTON (Reuters) - Both parties came together to pass the educational funding bill, providing historic resources to public schools and state universities.",politics,"May 20, 2026"
President announces new economic policy,WASHINGTON (Reuters) - The federal government announced a series of sweeping economic reforms today aimed at curbing inflation and boosting job growth across tech and manufacturing sectors.,politics,"May 20, 2026"
Scientists discover new water source on Mars,"PASADENA (Reuters) - NASA researchers have confirmed the discovery of liquid water reserves deep beneath the surface of Mars, using high-resolution radar data from orbiting spacecraft.",science,"May 20, 2026"
Global summit addresses climate change challenges,GENEVA (Reuters) - World leaders gathered in Switzerland to sign a landmark treaty committing nations to faster carbon emission reductions over the next decade.,worldnews,"May 20, 2026"
Local library hosts annual reading festival,"BOSTON (Reuters) - The Boston Public Library welcomed over ten thousand visitors to its annual weekend reading festival, promoting literacy and supporting local independent authors.",local,"May 20, 2026"
Tech giant launches open source AI model,SAN FRANCISCO (Reuters) - Leading artificial intelligence company announced the release of its advanced neural network codebase under a fully permissive open-source license.,tech,"May 20, 2026"
Major medical breakthrough in cancer research announced,"LONDON (Reuters) - Clinical trials at Oxford have shown highly promising results for a new targeted immunotherapy, showing high efficacy rates in early-stage trials.",science,"May 20, 2026"
Spacecraft successfully lands on asteroid,TOKYO (Reuters) - The national space agency confirmed that its deep-space probe has successfully touched down on asteroid Ryugu and collected surface samples.,science,"May 20, 2026"
Prime Minister signs historic trade agreement,"BRUSSELS (Reuters) - Officials from the European Union signed a comprehensive free trade deal, lowering tariffs and standardizing regulatory frameworks.",worldnews,"May 20, 2026"
National park expands protected wildlife zone,DENVER (Reuters) - The Department of the Interior has added over fifty thousand acres to the Rocky Mountain National Park to protect migratory routes of elk and sheep.,local,"May 20, 2026"
New education bill passed by congress with bipartisan support,"WASHINGTON (Reuters) - Both parties came together to pass the educational funding bill, providing historic resources to public schools and state universities.",politics,"May 20, 2026"
President announces new economic policy,WASHINGTON (Reuters) - The federal government announced a series of sweeping economic reforms today aimed at curbing inflation and boosting job growth across tech and manufacturing sectors.,politics,"May 20, 2026"
Scientists discover new water source on Mars,"PASADENA (Reuters) - NASA researchers have confirmed the discovery of liquid water reserves deep beneath the surface of Mars, using high-resolution radar data from orbiting spacecraft.",science,"May 20, 2026"
Global summit addresses climate change challenges,GENEVA (Reuters) - World leaders gathered in Switzerland to sign a landmark treaty committing nations to faster carbon emission reductions over the next decade.,worldnews,"May 20, 2026"
Local library hosts annual reading festival,"BOSTON (Reuters) - The Boston Public Library welcomed over ten thousand visitors to its annual weekend reading festival, promoting literacy and supporting local independent authors.",local,"May 20, 2026"
Tech giant launches open source AI model,SAN FRANCISCO (Reuters) - Leading artificial intelligence company announced the release of its advanced neural network codebase under a fully permissive open-source license.,tech,"May 20, 2026"
Major medical breakthrough in cancer research announced,"LONDON (Reuters) - Clinical trials at Oxford have shown highly promising results for a new targeted immunotherapy, showing high efficacy rates in early-stage trials.",science,"May 20, 2026"
Spacecraft successfully lands on asteroid,TOKYO (Reuters) - The national space agency confirmed that its deep-space probe has successfully touched down on asteroid Ryugu and collected surface samples.,science,"May 20, 2026"
Prime Minister signs historic trade agreement,"BRUSSELS (Reuters) - Officials from the European Union signed a comprehensive free trade deal, lowering tariffs and standardizing regulatory frameworks.",worldnews,"May 20, 2026"
National park expands protected wildlife zone,DENVER (Reuters) - The Department of the Interior has added over fifty thousand acres to the Rocky Mountain National Park to protect migratory routes of elk and sheep.,local,"May 20, 2026"
New education bill passed by congress with bipartisan support,"WASHINGTON (Reuters) - Both parties came together to pass the educational funding bill, providing historic resources to public schools and state universities.",politics,"May 20, 2026"
President announces new economic policy,WASHINGTON (Reuters) - The federal government announced a series of sweeping economic reforms today aimed at curbing inflation and boosting job growth across tech and manufacturing sectors.,politics,"May 20, 2026"
Scientists discover new water source on Mars,"PASADENA (Reuters) - NASA researchers have confirmed the discovery of liquid water reserves deep beneath the surface of Mars, using high-resolution radar data from orbiting spacecraft.",science,"May 20, 2026"
Global summit addresses climate change challenges,GENEVA (Reuters) - World leaders gathered in Switzerland to sign a landmark treaty committing nations to faster carbon emission reductions over the next decade.,worldnews,"May 20, 2026"
Local library hosts annual reading festival,"BOSTON (Reuters) - The Boston Public Library welcomed over ten thousand visitors to its annual weekend reading festival, promoting literacy and supporting local independent authors.",local,"May 20, 2026"
Tech giant launches open source AI model,SAN FRANCISCO (Reuters) - Leading artificial intelligence company announced the release of its advanced neural network codebase under a fully permissive open-source license.,tech,"May 20, 2026"
Major medical breakthrough in cancer research announced,"LONDON (Reuters) - Clinical trials at Oxford have shown highly promising results for a new targeted immunotherapy, showing high efficacy rates in early-stage trials.",science,"May 20, 2026"
Spacecraft successfully lands on asteroid,TOKYO (Reuters) - The national space agency confirmed that its deep-space probe has successfully touched down on asteroid Ryugu and collected surface samples.,science,"May 20, 2026"
Prime Minister signs historic trade agreement,"BRUSSELS (Reuters) - Officials from the European Union signed a comprehensive free trade deal, lowering tariffs and standardizing regulatory frameworks.",worldnews,"May 20, 2026"
National park expands protected wildlife zone,DENVER (Reuters) - The Department of the Interior has added over fifty thousand acres to the Rocky Mountain National Park to protect migratory routes of elk and sheep.,local,"May 20, 2026"
New education bill passed by congress with bipartisan support,"WASHINGTON (Reuters) - Both parties came together to pass the educational funding bill, providing historic resources to public schools and state universities.",politics,"May 20, 2026"
President announces new economic policy,WASHINGTON (Reuters) - The federal government announced a series of sweeping economic reforms today aimed at curbing inflation and boosting job growth across tech and manufacturing sectors.,politics,"May 20, 2026"
Scientists discover new water source on Mars,"PASADENA (Reuters) - NASA researchers have confirmed the discovery of liquid water reserves deep beneath the surface of Mars, using high-resolution radar data from orbiting spacecraft.",science,"May 20, 2026"
Global summit addresses climate change challenges,GENEVA (Reuters) - World leaders gathered in Switzerland to sign a landmark treaty committing nations to faster carbon emission reductions over the next decade.,worldnews,"May 20, 2026"
Local library hosts annual reading festival,"BOSTON (Reuters) - The Boston Public Library welcomed over ten thousand visitors to its annual weekend reading festival, promoting literacy and supporting local independent authors.",local,"May 20, 2026"
Tech giant launches open source AI model,SAN FRANCISCO (Reuters) - Leading artificial intelligence company announced the release of its advanced neural network codebase under a fully permissive open-source license.,tech,"May 20, 2026"
Major medical breakthrough in cancer research announced,"LONDON (Reuters) - Clinical trials at Oxford have shown highly promising results for a new targeted immunotherapy, showing high efficacy rates in early-stage trials.",science,"May 20, 2026"
Spacecraft successfully lands on asteroid,TOKYO (Reuters) - The national space agency confirmed that its deep-space probe has successfully touched down on asteroid Ryugu and collected surface samples.,science,"May 20, 2026"
Prime Minister signs historic trade agreement,"BRUSSELS (Reuters) - Officials from the European Union signed a comprehensive free trade deal, lowering tariffs and standardizing regulatory frameworks.",worldnews,"May 20, 2026"
National park expands protected wildlife zone,DENVER (Reuters) - The Department of the Interior has added over fifty thousand acres to the Rocky Mountain National Park to protect migratory routes of elk and sheep.,local,"May 20, 2026"
New education bill passed by congress with bipartisan support,"WASHINGTON (Reuters) - Both parties came together to pass the educational funding bill, providing historic resources to public schools and state universities.",politics,"May 20, 2026"
President announces new economic policy,WASHINGTON (Reuters) - The federal government announced a series of sweeping economic reforms today aimed at curbing inflation and boosting job growth across tech and manufacturing sectors.,politics,"May 20, 2026"
Scientists discover new water source on Mars,"PASADENA (Reuters) - NASA researchers have confirmed the discovery of liquid water reserves deep beneath the surface of Mars, using high-resolution radar data from orbiting spacecraft.",science,"May 20, 2026"
Global summit addresses climate change challenges,GENEVA (Reuters) - World leaders gathered in Switzerland to sign a landmark treaty committing nations to faster carbon emission reductions over the next decade.,worldnews,"May 20, 2026"
Local library hosts annual reading festival,"BOSTON (Reuters) - The Boston Public Library welcomed over ten thousand visitors to its annual weekend reading festival, promoting literacy and supporting local independent authors.",local,"May 20, 2026"
Tech giant launches open source AI model,SAN FRANCISCO (Reuters) - Leading artificial intelligence company announced the release of its advanced neural network codebase under a fully permissive open-source license.,tech,"May 20, 2026"
Major medical breakthrough in cancer research announced,"LONDON (Reuters) - Clinical trials at Oxford have shown highly promising results for a new targeted immunotherapy, showing high efficacy rates in early-stage trials.",science,"May 20, 2026"
Spacecraft successfully lands on asteroid,TOKYO (Reuters) - The national space agency confirmed that its deep-space probe has successfully touched down on asteroid Ryugu and collected surface samples.,science,"May 20, 2026"
Prime Minister signs historic trade agreement,"BRUSSELS (Reuters) - Officials from the European Union signed a comprehensive free trade deal, lowering tariffs and standardizing regulatory frameworks.",worldnews,"May 20, 2026"
National park expands protected wildlife zone,DENVER (Reuters) - The Department of the Interior has added over fifty thousand acres to the Rocky Mountain National Park to protect migratory routes of elk and sheep.,local,"May 20, 2026"
New education bill passed by congress with bipartisan support,"WASHINGTON (Reuters) - Both parties came together to pass the educational funding bill, providing historic resources to public schools and state universities.",politics,"May 20, 2026"
President announces new economic policy,WASHINGTON (Reuters) - The federal government announced a series of sweeping economic reforms today aimed at curbing inflation and boosting job growth across tech and manufacturing sectors.,politics,"May 20, 2026"
Scientists discover new water source on Mars,"PASADENA (Reuters) - NASA researchers have confirmed the discovery of liquid water reserves deep beneath the surface of Mars, using high-resolution radar data from orbiting spacecraft.",science,"May 20, 2026"
Global summit addresses climate change challenges,GENEVA (Reuters) - World leaders gathered in Switzerland to sign a landmark treaty committing nations to faster carbon emission reductions over the next decade.,worldnews,"May 20, 2026"
Local library hosts annual reading festival,"BOSTON (Reuters) - The Boston Public Library welcomed over ten thousand visitors to its annual weekend reading festival, promoting literacy and supporting local independent authors.",local,"May 20, 2026"
Tech giant launches open source AI model,SAN FRANCISCO (Reuters) - Leading artificial intelligence company announced the release of its advanced neural network codebase under a fully permissive open-source license.,tech,"May 20, 2026"
Major medical breakthrough in cancer research announced,"LONDON (Reuters) - Clinical trials at Oxford have shown highly promising results for a new targeted immunotherapy, showing high efficacy rates in early-stage trials.",science,"May 20, 2026"
Spacecraft successfully lands on asteroid,TOKYO (Reuters) - The national space agency confirmed that its deep-space probe has successfully touched down on asteroid Ryugu and collected surface samples.,science,"May 20, 2026"
Prime Minister signs historic trade agreement,"BRUSSELS (Reuters) - Officials from the European Union signed a comprehensive free trade deal, lowering tariffs and standardizing regulatory frameworks.",worldnews,"May 20, 2026"
National park expands protected wildlife zone,DENVER (Reuters) - The Department of the Interior has added over fifty thousand acres to the Rocky Mountain National Park to protect migratory routes of elk and sheep.,local,"May 20, 2026"
New education bill passed by congress with bipartisan support,"WASHINGTON (Reuters) - Both parties came together to pass the educational funding bill, providing historic resources to public schools and state universities.",politics,"May 20, 2026"
President announces new economic policy,WASHINGTON (Reuters) - The federal government announced a series of sweeping economic reforms today aimed at curbing inflation and boosting job growth across tech and manufacturing sectors.,politics,"May 20, 2026"
Scientists discover new water source on Mars,"PASADENA (Reuters) - NASA researchers have confirmed the discovery of liquid water reserves deep beneath the surface of Mars, using high-resolution radar data from orbiting spacecraft.",science,"May 20, 2026"
Global summit addresses climate change challenges,GENEVA (Reuters) - World leaders gathered in Switzerland to sign a landmark treaty committing nations to faster carbon emission reductions over the next decade.,worldnews,"May 20, 2026"
Local library hosts annual reading festival,"BOSTON (Reuters) - The Boston Public Library welcomed over ten thousand visitors to its annual weekend reading festival, promoting literacy and supporting local independent authors.",local,"May 20, 2026"
Tech giant launches open source AI model,SAN FRANCISCO (Reuters) - Leading artificial intelligence company announced the release of its advanced neural network codebase under a fully permissive open-source license.,tech,"May 20, 2026"
Major medical breakthrough in cancer research announced,"LONDON (Reuters) - Clinical trials at Oxford have shown highly promising results for a new targeted immunotherapy, showing high efficacy rates in early-stage trials.",science,"May 20, 2026"
Spacecraft successfully lands on asteroid,TOKYO (Reuters) - The national space agency confirmed that its deep-space probe has successfully touched down on asteroid Ryugu and collected surface samples.,science,"May 20, 2026"
Prime Minister signs historic trade agreement,"BRUSSELS (Reuters) - Officials from the European Union signed a comprehensive free trade deal, lowering tariffs and standardizing regulatory frameworks.",worldnews,"May 20, 2026"
National park expands protected wildlife zone,DENVER (Reuters) - The Department of the Interior has added over fifty thousand acres to the Rocky Mountain National Park to protect migratory routes of elk and sheep.,local,"May 20, 2026"
New education bill passed by congress with bipartisan support,"WASHINGTON (Reuters) - Both parties came together to pass the educational funding bill, providing historic resources to public schools and state universities.",politics,"May 20, 2026"
President announces new economic policy,WASHINGTON (Reuters) - The federal government announced a series of sweeping economic reforms today aimed at curbing inflation and boosting job growth across tech and manufacturing sectors.,politics,"May 20, 2026"
Scientists discover new water source on Mars,"PASADENA (Reuters) - NASA researchers have confirmed the discovery of liquid water reserves deep beneath the surface of Mars, using high-resolution radar data from orbiting spacecraft.",science,"May 20, 2026"
Global summit addresses climate change challenges,GENEVA (Reuters) - World leaders gathered in Switzerland to sign a landmark treaty committing nations to faster carbon emission reductions over the next decade.,worldnews,"May 20, 2026"
Local library hosts annual reading festival,"BOSTON (Reuters) - The Boston Public Library welcomed over ten thousand visitors to its annual weekend reading festival, promoting literacy and supporting local independent authors.",local,"May 20, 2026"
Tech giant launches open source AI model,SAN FRANCISCO (Reuters) - Leading artificial intelligence company announced the release of its advanced neural network codebase under a fully permissive open-source license.,tech,"May 20, 2026"
Major medical breakthrough in cancer research announced,"LONDON (Reuters) - Clinical trials at Oxford have shown highly promising results for a new targeted immunotherapy, showing high efficacy rates in early-stage trials.",science,"May 20, 2026"
Spacecraft successfully lands on asteroid,TOKYO (Reuters) - The national space agency confirmed that its deep-space probe has successfully touched down on asteroid Ryugu and collected surface samples.,science,"May 20, 2026"
Prime Minister signs historic trade agreement,"BRUSSELS (Reuters) - Officials from the European Union signed a comprehensive free trade deal, lowering tariffs and standardizing regulatory frameworks.",worldnews,"May 20, 2026"
National park expands protected wildlife zone,DENVER (Reuters) - The Department of the Interior has added over fifty thousand acres to the Rocky Mountain National Park to protect migratory routes of elk and sheep.,local,"May 20, 2026"
New education bill passed by congress with bipartisan support,"WASHINGTON (Reuters) - Both parties came together to pass the educational funding bill, providing historic resources to public schools and state universities.",politics,"May 20, 2026"
President announces new economic policy,WASHINGTON (Reuters) - The federal government announced a series of sweeping economic reforms today aimed at curbing inflation and boosting job growth across tech and manufacturing sectors.,politics,"May 20, 2026"
Scientists discover new water source on Mars,"PASADENA (Reuters) - NASA researchers have confirmed the discovery of liquid water reserves deep beneath the surface of Mars, using high-resolution radar data from orbiting spacecraft.",science,"May 20, 2026"
Global summit addresses climate change challenges,GENEVA (Reuters) - World leaders gathered in Switzerland to sign a landmark treaty committing nations to faster carbon emission reductions over the next decade.,worldnews,"May 20, 2026"
Local library hosts annual reading festival,"BOSTON (Reuters) - The Boston Public Library welcomed over ten thousand visitors to its annual weekend reading festival, promoting literacy and supporting local independent authors.",local,"May 20, 2026"
Tech giant launches open source AI model,SAN FRANCISCO (Reuters) - Leading artificial intelligence company announced the release of its advanced neural network codebase under a fully permissive open-source license.,tech,"May 20, 2026"
Major medical breakthrough in cancer research announced,"LONDON (Reuters) - Clinical trials at Oxford have shown highly promising results for a new targeted immunotherapy, showing high efficacy rates in early-stage trials.",science,"May 20, 2026"
Spacecraft successfully lands on asteroid,TOKYO (Reuters) - The national space agency confirmed that its deep-space probe has successfully touched down on asteroid Ryugu and collected surface samples.,science,"May 20, 2026"
Prime Minister signs historic trade agreement,"BRUSSELS (Reuters) - Officials from the European Union signed a comprehensive free trade deal, lowering tariffs and standardizing regulatory frameworks.",worldnews,"May 20, 2026"
National park expands protected wildlife zone,DENVER (Reuters) - The Department of the Interior has added over fifty thousand acres to the Rocky Mountain National Park to protect migratory routes of elk and sheep.,local,"May 20, 2026"
New education bill passed by congress with bipartisan support,"WASHINGTON (Reuters) - Both parties came together to pass the educational funding bill, providing historic resources to public schools and state universities.",politics,"May 20, 2026"
President announces new economic policy,WASHINGTON (Reuters) - The federal government announced a series of sweeping economic reforms today aimed at curbing inflation and boosting job growth across tech and manufacturing sectors.,politics,"May 20, 2026"
Scientists discover new water source on Mars,"PASADENA (Reuters) - NASA researchers have confirmed the discovery of liquid water reserves deep beneath the surface of Mars, using high-resolution radar data from orbiting spacecraft.",science,"May 20, 2026"
Global summit addresses climate change challenges,GENEVA (Reuters) - World leaders gathered in Switzerland to sign a landmark treaty committing nations to faster carbon emission reductions over the next decade.,worldnews,"May 20, 2026"
Local library hosts annual reading festival,"BOSTON (Reuters) - The Boston Public Library welcomed over ten thousand visitors to its annual weekend reading festival, promoting literacy and supporting local independent authors.",local,"May 20, 2026"
Tech giant launches open source AI model,SAN FRANCISCO (Reuters) - Leading artificial intelligence company announced the release of its advanced neural network codebase under a fully permissive open-source license.,tech,"May 20, 2026"
Major medical breakthrough in cancer research announced,"LONDON (Reuters) - Clinical trials at Oxford have shown highly promising results for a new targeted immunotherapy, showing high efficacy rates in early-stage trials.",science,"May 20, 2026"
Spacecraft successfully lands on asteroid,TOKYO (Reuters) - The national space agency confirmed that its deep-space probe has successfully touched down on asteroid Ryugu and collected surface samples.,science,"May 20, 2026"
Prime Minister signs historic trade agreement,"BRUSSELS (Reuters) - Officials from the European Union signed a comprehensive free trade deal, lowering tariffs and standardizing regulatory frameworks.",worldnews,"May 20, 2026"
National park expands protected wildlife zone,DENVER (Reuters) - The Department of the Interior has added over fifty thousand acres to the Rocky Mountain National Park to protect migratory routes of elk and sheep.,local,"May 20, 2026"
New education bill passed by congress with bipartisan support,"WASHINGTON (Reuters) - Both parties came together to pass the educational funding bill, providing historic resources to public schools and state universities.",politics,"May 20, 2026"
President announces new economic policy,WASHINGTON (Reuters) - The federal government announced a series of sweeping economic reforms today aimed at curbing inflation and boosting job growth across tech and manufacturing sectors.,politics,"May 20, 2026"
Scientists discover new water source on Mars,"PASADENA (Reuters) - NASA researchers have confirmed the discovery of liquid water reserves deep beneath the surface of Mars, using high-resolution radar data from orbiting spacecraft.",science,"May 20, 2026"
Global summit addresses climate change challenges,GENEVA (Reuters) - World leaders gathered in Switzerland to sign a landmark treaty committing nations to faster carbon emission reductions over the next decade.,worldnews,"May 20, 2026"
Local library hosts annual reading festival,"BOSTON (Reuters) - The Boston Public Library welcomed over ten thousand visitors to its annual weekend reading festival, promoting literacy and supporting local independent authors.",local,"May 20, 2026"
Tech giant launches open source AI model,SAN FRANCISCO (Reuters) - Leading artificial intelligence company announced the release of its advanced neural network codebase under a fully permissive open-source license.,tech,"May 20, 2026"
Major medical breakthrough in cancer research announced,"LONDON (Reuters) - Clinical trials at Oxford have shown highly promising results for a new targeted immunotherapy, showing high efficacy rates in early-stage trials.",science,"May 20, 2026"
Spacecraft successfully lands on asteroid,TOKYO (Reuters) - The national space agency confirmed that its deep-space probe has successfully touched down on asteroid Ryugu and collected surface samples.,science,"May 20, 2026"
Prime Minister signs historic trade agreement,"BRUSSELS (Reuters) - Officials from the European Union signed a comprehensive free trade deal, lowering tariffs and standardizing regulatory frameworks.",worldnews,"May 20, 2026"
National park expands protected wildlife zone,DENVER (Reuters) - The Department of the Interior has added over fifty thousand acres to the Rocky Mountain National Park to protect migratory routes of elk and sheep.,local,"May 20, 2026"
New education bill passed by congress with bipartisan support,"WASHINGTON (Reuters) - Both parties came together to pass the educational funding bill, providing historic resources to public schools and state universities.",politics,"May 20, 2026"
President announces new economic policy,WASHINGTON (Reuters) - The federal government announced a series of sweeping economic reforms today aimed at curbing inflation and boosting job growth across tech and manufacturing sectors.,politics,"May 20, 2026"
Scientists discover new water source on Mars,"PASADENA (Reuters) - NASA researchers have confirmed the discovery of liquid water reserves deep beneath the surface of Mars, using high-resolution radar data from orbiting spacecraft.",science,"May 20, 2026"
Global summit addresses climate change challenges,GENEVA (Reuters) - World leaders gathered in Switzerland to sign a landmark treaty committing nations to faster carbon emission reductions over the next decade.,worldnews,"May 20, 2026"
Local library hosts annual reading festival,"BOSTON (Reuters) - The Boston Public Library welcomed over ten thousand visitors to its annual weekend reading festival, promoting literacy and supporting local independent authors.",local,"May 20, 2026"
Tech giant launches open source AI model,SAN FRANCISCO (Reuters) - Leading artificial intelligence company announced the release of its advanced neural network codebase under a fully permissive open-source license.,tech,"May 20, 2026"
Major medical breakthrough in cancer research announced,"LONDON (Reuters) - Clinical trials at Oxford have shown highly promising results for a new targeted immunotherapy, showing high efficacy rates in early-stage trials.",science,"May 20, 2026"
Spacecraft successfully lands on asteroid,TOKYO (Reuters) - The national space agency confirmed that its deep-space probe has successfully touched down on asteroid Ryugu and collected surface samples.,science,"May 20, 2026"
Prime Minister signs historic trade agreement,"BRUSSELS (Reuters) - Officials from the European Union signed a comprehensive free trade deal, lowering tariffs and standardizing regulatory frameworks.",worldnews,"May 20, 2026"
National park expands protected wildlife zone,DENVER (Reuters) - The Department of the Interior has added over fifty thousand acres to the Rocky Mountain National Park to protect migratory routes of elk and sheep.,local,"May 20, 2026"
New education bill passed by congress with bipartisan support,"WASHINGTON (Reuters) - Both parties came together to pass the educational funding bill, providing historic resources to public schools and state universities.",politics,"May 20, 2026"
President announces new economic policy,WASHINGTON (Reuters) - The federal government announced a series of sweeping economic reforms today aimed at curbing inflation and boosting job growth across tech and manufacturing sectors.,politics,"May 20, 2026"
Scientists discover new water source on Mars,"PASADENA (Reuters) - NASA researchers have confirmed the discovery of liquid water reserves deep beneath the surface of Mars, using high-resolution radar data from orbiting spacecraft.",science,"May 20, 2026"
Global summit addresses climate change challenges,GENEVA (Reuters) - World leaders gathered in Switzerland to sign a landmark treaty committing nations to faster carbon emission reductions over the next decade.,worldnews,"May 20, 2026"
Local library hosts annual reading festival,"BOSTON (Reuters) - The Boston Public Library welcomed over ten thousand visitors to its annual weekend reading festival, promoting literacy and supporting local independent authors.",local,"May 20, 2026"
Tech giant launches open source AI model,SAN FRANCISCO (Reuters) - Leading artificial intelligence company announced the release of its advanced neural network codebase under a fully permissive open-source license.,tech,"May 20, 2026"
Major medical breakthrough in cancer research announced,"LONDON (Reuters) - Clinical trials at Oxford have shown highly promising results for a new targeted immunotherapy, showing high efficacy rates in early-stage trials.",science,"May 20, 2026"
Spacecraft successfully lands on asteroid,TOKYO (Reuters) - The national space agency confirmed that its deep-space probe has successfully touched down on asteroid Ryugu and collected surface samples.,science,"May 20, 2026"
Prime Minister signs historic trade agreement,"BRUSSELS (Reuters) - Officials from the European Union signed a comprehensive free trade deal, lowering tariffs and standardizing regulatory frameworks.",worldnews,"May 20, 2026"
National park expands protected wildlife zone,DENVER (Reuters) - The Department of the Interior has added over fifty thousand acres to the Rocky Mountain National Park to protect migratory routes of elk and sheep.,local,"May 20, 2026"
New education bill passed by congress with bipartisan support,"WASHINGTON (Reuters) - Both parties came together to pass the educational funding bill, providing historic resources to public schools and state universities.",politics,"May 20, 2026"
President announces new economic policy,WASHINGTON (Reuters) - The federal government announced a series of sweeping economic reforms today aimed at curbing inflation and boosting job growth across tech and manufacturing sectors.,politics,"May 20, 2026"
Scientists discover new water source on Mars,"PASADENA (Reuters) - NASA researchers have confirmed the discovery of liquid water reserves deep beneath the surface of Mars, using high-resolution radar data from orbiting spacecraft.",science,"May 20, 2026"
Global summit addresses climate change challenges,GENEVA (Reuters) - World leaders gathered in Switzerland to sign a landmark treaty committing nations to faster carbon emission reductions over the next decade.,worldnews,"May 20, 2026"
Local library hosts annual reading festival,"BOSTON (Reuters) - The Boston Public Library welcomed over ten thousand visitors to its annual weekend reading festival, promoting literacy and supporting local independent authors.",local,"May 20, 2026"
Tech giant launches open source AI model,SAN FRANCISCO (Reuters) - Leading artificial intelligence company announced the release of its advanced neural network codebase under a fully permissive open-source license.,tech,"May 20, 2026"
Major medical breakthrough in cancer research announced,"LONDON (Reuters) - Clinical trials at Oxford have shown highly promising results for a new targeted immunotherapy, showing high efficacy rates in early-stage trials.",science,"May 20, 2026"
Spacecraft successfully lands on asteroid,TOKYO (Reuters) - The national space agency confirmed that its deep-space probe has successfully touched down on asteroid Ryugu and collected surface samples.,science,"May 20, 2026"
Prime Minister signs historic trade agreement,"BRUSSELS (Reuters) - Officials from the European Union signed a comprehensive free trade deal, lowering tariffs and standardizing regulatory frameworks.",worldnews,"May 20, 2026"
National park expands protected wildlife zone,DENVER (Reuters) - The Department of the Interior has added over fifty thousand acres to the Rocky Mountain National Park to protect migratory routes of elk and sheep.,local,"May 20, 2026"
New education bill passed by congress with bipartisan support,"WASHINGTON (Reuters) - Both parties came together to pass the educational funding bill, providing historic resources to public schools and state universities.",politics,"May 20, 2026"
President announces new economic policy,WASHINGTON (Reuters) - The federal government announced a series of sweeping economic reforms today aimed at curbing inflation and boosting job growth across tech and manufacturing sectors.,politics,"May 20, 2026"
Scientists discover new water source on Mars,"PASADENA (Reuters) - NASA researchers have confirmed the discovery of liquid water reserves deep beneath the surface of Mars, using high-resolution radar data from orbiting spacecraft.",science,"May 20, 2026"
Global summit addresses climate change challenges,GENEVA (Reuters) - World leaders gathered in Switzerland to sign a landmark treaty committing nations to faster carbon emission reductions over the next decade.,worldnews,"May 20, 2026"
Local library hosts annual reading festival,"BOSTON (Reuters) - The Boston Public Library welcomed over ten thousand visitors to its annual weekend reading festival, promoting literacy and supporting local independent authors.",local,"May 20, 2026"
Tech giant launches open source AI model,SAN FRANCISCO (Reuters) - Leading artificial intelligence company announced the release of its advanced neural network codebase under a fully permissive open-source license.,tech,"May 20, 2026"
Major medical breakthrough in cancer research announced,"LONDON (Reuters) - Clinical trials at Oxford have shown highly promising results for a new targeted immunotherapy, showing high efficacy rates in early-stage trials.",science,"May 20, 2026"
Spacecraft successfully lands on asteroid,TOKYO (Reuters) - The national space agency confirmed that its deep-space probe has successfully touched down on asteroid Ryugu and collected surface samples.,science,"May 20, 2026"
Prime Minister signs historic trade agreement,"BRUSSELS (Reuters) - Officials from the European Union signed a comprehensive free trade deal, lowering tariffs and standardizing regulatory frameworks.",worldnews,"May 20, 2026"
National park expands protected wildlife zone,DENVER (Reuters) - The Department of the Interior has added over fifty thousand acres to the Rocky Mountain National Park to protect migratory routes of elk and sheep.,local,"May 20, 2026"
New education bill passed by congress with bipartisan support,"WASHINGTON (Reuters) - Both parties came together to pass the educational funding bill, providing historic resources to public schools and state universities.",politics,"May 20, 2026"
President announces new economic policy,WASHINGTON (Reuters) - The federal government announced a series of sweeping economic reforms today aimed at curbing inflation and boosting job growth across tech and manufacturing sectors.,politics,"May 20, 2026"
Scientists discover new water source on Mars,"PASADENA (Reuters) - NASA researchers have confirmed the discovery of liquid water reserves deep beneath the surface of Mars, using high-resolution radar data from orbiting spacecraft.",science,"May 20, 2026"
Global summit addresses climate change challenges,GENEVA (Reuters) - World leaders gathered in Switzerland to sign a landmark treaty committing nations to faster carbon emission reductions over the next decade.,worldnews,"May 20, 2026"
Local library hosts annual reading festival,"BOSTON (Reuters) - The Boston Public Library welcomed over ten thousand visitors to its annual weekend reading festival, promoting literacy and supporting local independent authors.",local,"May 20, 2026"
Tech giant launches open source AI model,SAN FRANCISCO (Reuters) - Leading artificial intelligence company announced the release of its advanced neural network codebase under a fully permissive open-source license.,tech,"May 20, 2026"
Major medical breakthrough in cancer research announced,"LONDON (Reuters) - Clinical trials at Oxford have shown highly promising results for a new targeted immunotherapy, showing high efficacy rates in early-stage trials.",science,"May 20, 2026"
Spacecraft successfully lands on asteroid,TOKYO (Reuters) - The national space agency confirmed that its deep-space probe has successfully touched down on asteroid Ryugu and collected surface samples.,science,"May 20, 2026"
Prime Minister signs historic trade agreement,"BRUSSELS (Reuters) - Officials from the European Union signed a comprehensive free trade deal, lowering tariffs and standardizing regulatory frameworks.",worldnews,"May 20, 2026"
National park expands protected wildlife zone,DENVER (Reuters) - The Department of the Interior has added over fifty thousand acres to the Rocky Mountain National Park to protect migratory routes of elk and sheep.,local,"May 20, 2026"
New education bill passed by congress with bipartisan support,"WASHINGTON (Reuters) - Both parties came together to pass the educational funding bill, providing historic resources to public schools and state universities.",politics,"May 20, 2026"
President announces new economic policy,WASHINGTON (Reuters) - The federal government announced a series of sweeping economic reforms today aimed at curbing inflation and boosting job growth across tech and manufacturing sectors.,politics,"May 20, 2026"
Scientists discover new water source on Mars,"PASADENA (Reuters) - NASA researchers have confirmed the discovery of liquid water reserves deep beneath the surface of Mars, using high-resolution radar data from orbiting spacecraft.",science,"May 20, 2026"
Global summit addresses climate change challenges,GENEVA (Reuters) - World leaders gathered in Switzerland to sign a landmark treaty committing nations to faster carbon emission reductions over the next decade.,worldnews,"May 20, 2026"
Local library hosts annual reading festival,"BOSTON (Reuters) - The Boston Public Library welcomed over ten thousand visitors to its annual weekend reading festival, promoting literacy and supporting local independent authors.",local,"May 20, 2026"
Tech giant launches open source AI model,SAN FRANCISCO (Reuters) - Leading artificial intelligence company announced the release of its advanced neural network codebase under a fully permissive open-source license.,tech,"May 20, 2026"
Major medical breakthrough in cancer research announced,"LONDON (Reuters) - Clinical trials at Oxford have shown highly promising results for a new targeted immunotherapy, showing high efficacy rates in early-stage trials.",science,"May 20, 2026"
Spacecraft successfully lands on asteroid,TOKYO (Reuters) - The national space agency confirmed that its deep-space probe has successfully touched down on asteroid Ryugu and collected surface samples.,science,"May 20, 2026"
Prime Minister signs historic trade agreement,"BRUSSELS (Reuters) - Officials from the European Union signed a comprehensive free trade deal, lowering tariffs and standardizing regulatory frameworks.",worldnews,"May 20, 2026"
National park expands protected wildlife zone,DENVER (Reuters) - The Department of the Interior has added over fifty thousand acres to the Rocky Mountain National Park to protect migratory routes of elk and sheep.,local,"May 20, 2026"
New education bill passed by congress with bipartisan support,"WASHINGTON (Reuters) - Both parties came together to pass the educational funding bill, providing historic resources to public schools and state universities.",politics,"May 20, 2026"
President announces new economic policy,WASHINGTON (Reuters) - The federal government announced a series of sweeping economic reforms today aimed at curbing inflation and boosting job growth across tech and manufacturing sectors.,politics,"May 20, 2026"
Scientists discover new water source on Mars,"PASADENA (Reuters) - NASA researchers have confirmed the discovery of liquid water reserves deep beneath the surface of Mars, using high-resolution radar data from orbiting spacecraft.",science,"May 20, 2026"
Global summit addresses climate change challenges,GENEVA (Reuters) - World leaders gathered in Switzerland to sign a landmark treaty committing nations to faster carbon emission reductions over the next decade.,worldnews,"May 20, 2026"
Local library hosts annual reading festival,"BOSTON (Reuters) - The Boston Public Library welcomed over ten thousand visitors to its annual weekend reading festival, promoting literacy and supporting local independent authors.",local,"May 20, 2026"
Tech giant launches open source AI model,SAN FRANCISCO (Reuters) - Leading artificial intelligence company announced the release of its advanced neural network codebase under a fully permissive open-source license.,tech,"May 20, 2026"
Major medical breakthrough in cancer research announced,"LONDON (Reuters) - Clinical trials at Oxford have shown highly promising results for a new targeted immunotherapy, showing high efficacy rates in early-stage trials.",science,"May 20, 2026"
Spacecraft successfully lands on asteroid,TOKYO (Reuters) - The national space agency confirmed that its deep-space probe has successfully touched down on asteroid Ryugu and collected surface samples.,science,"May 20, 2026"
Prime Minister signs historic trade agreement,"BRUSSELS (Reuters) - Officials from the European Union signed a comprehensive free trade deal, lowering tariffs and standardizing regulatory frameworks.",worldnews,"May 20, 2026"
National park expands protected wildlife zone,DENVER (Reuters) - The Department of the Interior has added over fifty thousand acres to the Rocky Mountain National Park to protect migratory routes of elk and sheep.,local,"May 20, 2026"
New education bill passed by congress with bipartisan support,"WASHINGTON (Reuters) - Both parties came together to pass the educational funding bill, providing historic resources to public schools and state universities.",politics,"May 20, 2026"
President announces new economic policy,WASHINGTON (Reuters) - The federal government announced a series of sweeping economic reforms today aimed at curbing inflation and boosting job growth across tech and manufacturing sectors.,politics,"May 20, 2026"
Scientists discover new water source on Mars,"PASADENA (Reuters) - NASA researchers have confirmed the discovery of liquid water reserves deep beneath the surface of Mars, using high-resolution radar data from orbiting spacecraft.",science,"May 20, 2026"
Global summit addresses climate change challenges,GENEVA (Reuters) - World leaders gathered in Switzerland to sign a landmark treaty committing nations to faster carbon emission reductions over the next decade.,worldnews,"May 20, 2026"
Local library hosts annual reading festival,"BOSTON (Reuters) - The Boston Public Library welcomed over ten thousand visitors to its annual weekend reading festival, promoting literacy and supporting local independent authors.",local,"May 20, 2026"
Tech giant launches open source AI model,SAN FRANCISCO (Reuters) - Leading artificial intelligence company announced the release of its advanced neural network codebase under a fully permissive open-source license.,tech,"May 20, 2026"
Major medical breakthrough in cancer research announced,"LONDON (Reuters) - Clinical trials at Oxford have shown highly promising results for a new targeted immunotherapy, showing high efficacy rates in early-stage trials.",science,"May 20, 2026"
Spacecraft successfully lands on asteroid,TOKYO (Reuters) - The national space agency confirmed that its deep-space probe has successfully touched down on asteroid Ryugu and collected surface samples.,science,"May 20, 2026"
Prime Minister signs historic trade agreement,"BRUSSELS (Reuters) - Officials from the European Union signed a comprehensive free trade deal, lowering tariffs and standardizing regulatory frameworks.",worldnews,"May 20, 2026"
National park expands protected wildlife zone,DENVER (Reuters) - The Department of the Interior has added over fifty thousand acres to the Rocky Mountain National Park to protect migratory routes of elk and sheep.,local,"May 20, 2026"
New education bill passed by congress with bipartisan support,"WASHINGTON (Reuters) - Both parties came together to pass the educational funding bill, providing historic resources to public schools and state universities.",politics,"May 20, 2026"
President announces new economic policy,WASHINGTON (Reuters) - The federal government announced a series of sweeping economic reforms today aimed at curbing inflation and boosting job growth across tech and manufacturing sectors.,politics,"May 20, 2026"
Scientists discover new water source on Mars,"PASADENA (Reuters) - NASA researchers have confirmed the discovery of liquid water reserves deep beneath the surface of Mars, using high-resolution radar data from orbiting spacecraft.",science,"May 20, 2026"
Global summit addresses climate change challenges,GENEVA (Reuters) - World leaders gathered in Switzerland to sign a landmark treaty committing nations to faster carbon emission reductions over the next decade.,worldnews,"May 20, 2026"
Local library hosts annual reading festival,"BOSTON (Reuters) - The Boston Public Library welcomed over ten thousand visitors to its annual weekend reading festival, promoting literacy and supporting local independent authors.",local,"May 20, 2026"
Tech giant launches open source AI model,SAN FRANCISCO (Reuters) - Leading artificial intelligence company announced the release of its advanced neural network codebase under a fully permissive open-source license.,tech,"May 20, 2026"
Major medical breakthrough in cancer research announced,"LONDON (Reuters) - Clinical trials at Oxford have shown highly promising results for a new targeted immunotherapy, showing high efficacy rates in early-stage trials.",science,"May 20, 2026"
Spacecraft successfully lands on asteroid,TOKYO (Reuters) - The national space agency confirmed that its deep-space probe has successfully touched down on asteroid Ryugu and collected surface samples.,science,"May 20, 2026"
Prime Minister signs historic trade agreement,"BRUSSELS (Reuters) - Officials from the European Union signed a comprehensive free trade deal, lowering tariffs and standardizing regulatory frameworks.",worldnews,"May 20, 2026"
National park expands protected wildlife zone,DENVER (Reuters) - The Department of the Interior has added over fifty thousand acres to the Rocky Mountain National Park to protect migratory routes of elk and sheep.,local,"May 20, 2026"
New education bill passed by congress with bipartisan support,"WASHINGTON (Reuters) - Both parties came together to pass the educational funding bill, providing historic resources to public schools and state universities.",politics,"May 20, 2026"
President announces new economic policy,WASHINGTON (Reuters) - The federal government announced a series of sweeping economic reforms today aimed at curbing inflation and boosting job growth across tech and manufacturing sectors.,politics,"May 20, 2026"
Scientists discover new water source on Mars,"PASADENA (Reuters) - NASA researchers have confirmed the discovery of liquid water reserves deep beneath the surface of Mars, using high-resolution radar data from orbiting spacecraft.",science,"May 20, 2026"
Global summit addresses climate change challenges,GENEVA (Reuters) - World leaders gathered in Switzerland to sign a landmark treaty committing nations to faster carbon emission reductions over the next decade.,worldnews,"May 20, 2026"
Local library hosts annual reading festival,"BOSTON (Reuters) - The Boston Public Library welcomed over ten thousand visitors to its annual weekend reading festival, promoting literacy and supporting local independent authors.",local,"May 20, 2026"
Tech giant launches open source AI model,SAN FRANCISCO (Reuters) - Leading artificial intelligence company announced the release of its advanced neural network codebase under a fully permissive open-source license.,tech,"May 20, 2026"
Major medical breakthrough in cancer research announced,"LONDON (Reuters) - Clinical trials at Oxford have shown highly promising results for a new targeted immunotherapy, showing high efficacy rates in early-stage trials.",science,"May 20, 2026"
Spacecraft successfully lands on asteroid,TOKYO (Reuters) - The national space agency confirmed that its deep-space probe has successfully touched down on asteroid Ryugu and collected surface samples.,science,"May 20, 2026"
Prime Minister signs historic trade agreement,"BRUSSELS (Reuters) - Officials from the European Union signed a comprehensive free trade deal, lowering tariffs and standardizing regulatory frameworks.",worldnews,"May 20, 2026"
National park expands protected wildlife zone,DENVER (Reuters) - The Department of the Interior has added over fifty thousand acres to the Rocky Mountain National Park to protect migratory routes of elk and sheep.,local,"May 20, 2026"
New education bill passed by congress with bipartisan support,"WASHINGTON (Reuters) - Both parties came together to pass the educational funding bill, providing historic resources to public schools and state universities.",politics,"May 20, 2026"
President announces new economic policy,WASHINGTON (Reuters) - The federal government announced a series of sweeping economic reforms today aimed at curbing inflation and boosting job growth across tech and manufacturing sectors.,politics,"May 20, 2026"
Scientists discover new water source on Mars,"PASADENA (Reuters) - NASA researchers have confirmed the discovery of liquid water reserves deep beneath the surface of Mars, using high-resolution radar data from orbiting spacecraft.",science,"May 20, 2026"
Global summit addresses climate change challenges,GENEVA (Reuters) - World leaders gathered in Switzerland to sign a landmark treaty committing nations to faster carbon emission reductions over the next decade.,worldnews,"May 20, 2026"
Local library hosts annual reading festival,"BOSTON (Reuters) - The Boston Public Library welcomed over ten thousand visitors to its annual weekend reading festival, promoting literacy and supporting local independent authors.",local,"May 20, 2026"
Tech giant launches open source AI model,SAN FRANCISCO (Reuters) - Leading artificial intelligence company announced the release of its advanced neural network codebase under a fully permissive open-source license.,tech,"May 20, 2026"
Major medical breakthrough in cancer research announced,"LONDON (Reuters) - Clinical trials at Oxford have shown highly promising results for a new targeted immunotherapy, showing high efficacy rates in early-stage trials.",science,"May 20, 2026"
Spacecraft successfully lands on asteroid,TOKYO (Reuters) - The national space agency confirmed that its deep-space probe has successfully touched down on asteroid Ryugu and collected surface samples.,science,"May 20, 2026"
Prime Minister signs historic trade agreement,"BRUSSELS (Reuters) - Officials from the European Union signed a comprehensive free trade deal, lowering tariffs and standardizing regulatory frameworks.",worldnews,"May 20, 2026"
National park expands protected wildlife zone,DENVER (Reuters) - The Department of the Interior has added over fifty thousand acres to the Rocky Mountain National Park to protect migratory routes of elk and sheep.,local,"May 20, 2026"
New education bill passed by congress with bipartisan support,"WASHINGTON (Reuters) - Both parties came together to pass the educational funding bill, providing historic resources to public schools and state universities.",politics,"May 20, 2026"
President announces new economic policy,WASHINGTON (Reuters) - The federal government announced a series of sweeping economic reforms today aimed at curbing inflation and boosting job growth across tech and manufacturing sectors.,politics,"May 20, 2026"
Scientists discover new water source on Mars,"PASADENA (Reuters) - NASA researchers have confirmed the discovery of liquid water reserves deep beneath the surface of Mars, using high-resolution radar data from orbiting spacecraft.",science,"May 20, 2026"
Global summit addresses climate change challenges,GENEVA (Reuters) - World leaders gathered in Switzerland to sign a landmark treaty committing nations to faster carbon emission reductions over the next decade.,worldnews,"May 20, 2026"
Local library hosts annual reading festival,"BOSTON (Reuters) - The Boston Public Library welcomed over ten thousand visitors to its annual weekend reading festival, promoting literacy and supporting local independent authors.",local,"May 20, 2026"
Tech giant launches open source AI model,SAN FRANCISCO (Reuters) - Leading artificial intelligence company announced the release of its advanced neural network codebase under a fully permissive open-source license.,tech,"May 20, 2026"
Major medical breakthrough in cancer research announced,"LONDON (Reuters) - Clinical trials at Oxford have shown highly promising results for a new targeted immunotherapy, showing high efficacy rates in early-stage trials.",science,"May 20, 2026"
Spacecraft successfully lands on asteroid,TOKYO (Reuters) - The national space agency confirmed that its deep-space probe has successfully touched down on asteroid Ryugu and collected surface samples.,science,"May 20, 2026"
Prime Minister signs historic trade agreement,"BRUSSELS (Reuters) - Officials from the European Union signed a comprehensive free trade deal, lowering tariffs and standardizing regulatory frameworks.",worldnews,"May 20, 2026"
National park expands protected wildlife zone,DENVER (Reuters) - The Department of the Interior has added over fifty thousand acres to the Rocky Mountain National Park to protect migratory routes of elk and sheep.,local,"May 20, 2026"
New education bill passed by congress with bipartisan support,"WASHINGTON (Reuters) - Both parties came together to pass the educational funding bill, providing historic resources to public schools and state universities.",politics,"May 20, 2026"
President announces new economic policy,WASHINGTON (Reuters) - The federal government announced a series of sweeping economic reforms today aimed at curbing inflation and boosting job growth across tech and manufacturing sectors.,politics,"May 20, 2026"
Scientists discover new water source on Mars,"PASADENA (Reuters) - NASA researchers have confirmed the discovery of liquid water reserves deep beneath the surface of Mars, using high-resolution radar data from orbiting spacecraft.",science,"May 20, 2026"
Global summit addresses climate change challenges,GENEVA (Reuters) - World leaders gathered in Switzerland to sign a landmark treaty committing nations to faster carbon emission reductions over the next decade.,worldnews,"May 20, 2026"
Local library hosts annual reading festival,"BOSTON (Reuters) - The Boston Public Library welcomed over ten thousand visitors to its annual weekend reading festival, promoting literacy and supporting local independent authors.",local,"May 20, 2026"
Tech giant launches open source AI model,SAN FRANCISCO (Reuters) - Leading artificial intelligence company announced the release of its advanced neural network codebase under a fully permissive open-source license.,tech,"May 20, 2026"
Major medical breakthrough in cancer research announced,"LONDON (Reuters) - Clinical trials at Oxford have shown highly promising results for a new targeted immunotherapy, showing high efficacy rates in early-stage trials.",science,"May 20, 2026"
Spacecraft successfully lands on asteroid,TOKYO (Reuters) - The national space agency confirmed that its deep-space probe has successfully touched down on asteroid Ryugu and collected surface samples.,science,"May 20, 2026"
Prime Minister signs historic trade agreement,"BRUSSELS (Reuters) - Officials from the European Union signed a comprehensive free trade deal, lowering tariffs and standardizing regulatory frameworks.",worldnews,"May 20, 2026"
National park expands protected wildlife zone,DENVER (Reuters) - The Department of the Interior has added over fifty thousand acres to the Rocky Mountain National Park to protect migratory routes of elk and sheep.,local,"May 20, 2026"
New education bill passed by congress with bipartisan support,"WASHINGTON (Reuters) - Both parties came together to pass the educational funding bill, providing historic resources to public schools and state universities.",politics,"May 20, 2026"
President announces new economic policy,WASHINGTON (Reuters) - The federal government announced a series of sweeping economic reforms today aimed at curbing inflation and boosting job growth across tech and manufacturing sectors.,politics,"May 20, 2026"
Scientists discover new water source on Mars,"PASADENA (Reuters) - NASA researchers have confirmed the discovery of liquid water reserves deep beneath the surface of Mars, using high-resolution radar data from orbiting spacecraft.",science,"May 20, 2026"
Global summit addresses climate change challenges,GENEVA (Reuters) - World leaders gathered in Switzerland to sign a landmark treaty committing nations to faster carbon emission reductions over the next decade.,worldnews,"May 20, 2026"
Local library hosts annual reading festival,"BOSTON (Reuters) - The Boston Public Library welcomed over ten thousand visitors to its annual weekend reading festival, promoting literacy and supporting local independent authors.",local,"May 20, 2026"
Tech giant launches open source AI model,SAN FRANCISCO (Reuters) - Leading artificial intelligence company announced the release of its advanced neural network codebase under a fully permissive open-source license.,tech,"May 20, 2026"
Major medical breakthrough in cancer research announced,"LONDON (Reuters) - Clinical trials at Oxford have shown highly promising results for a new targeted immunotherapy, showing high efficacy rates in early-stage trials.",science,"May 20, 2026"
Spacecraft successfully lands on asteroid,TOKYO (Reuters) - The national space agency confirmed that its deep-space probe has successfully touched down on asteroid Ryugu and collected surface samples.,science,"May 20, 2026"
Prime Minister signs historic trade agreement,"BRUSSELS (Reuters) - Officials from the European Union signed a comprehensive free trade deal, lowering tariffs and standardizing regulatory frameworks.",worldnews,"May 20, 2026"
National park expands protected wildlife zone,DENVER (Reuters) - The Department of the Interior has added over fifty thousand acres to the Rocky Mountain National Park to protect migratory routes of elk and sheep.,local,"May 20, 2026"
New education bill passed by congress with bipartisan support,"WASHINGTON (Reuters) - Both parties came together to pass the educational funding bill, providing historic resources to public schools and state universities.",politics,"May 20, 2026"
President announces new economic policy,WASHINGTON (Reuters) - The federal government announced a series of sweeping economic reforms today aimed at curbing inflation and boosting job growth across tech and manufacturing sectors.,politics,"May 20, 2026"
Scientists discover new water source on Mars,"PASADENA (Reuters) - NASA researchers have confirmed the discovery of liquid water reserves deep beneath the surface of Mars, using high-resolution radar data from orbiting spacecraft.",science,"May 20, 2026"
Global summit addresses climate change challenges,GENEVA (Reuters) - World leaders gathered in Switzerland to sign a landmark treaty committing nations to faster carbon emission reductions over the next decade.,worldnews,"May 20, 2026"
Local library hosts annual reading festival,"BOSTON (Reuters) - The Boston Public Library welcomed over ten thousand visitors to its annual weekend reading festival, promoting literacy and supporting local independent authors.",local,"May 20, 2026"
Tech giant launches open source AI model,SAN FRANCISCO (Reuters) - Leading artificial intelligence company announced the release of its advanced neural network codebase under a fully permissive open-source license.,tech,"May 20, 2026"
Major medical breakthrough in cancer research announced,"LONDON (Reuters) - Clinical trials at Oxford have shown highly promising results for a new targeted immunotherapy, showing high efficacy rates in early-stage trials.",science,"May 20, 2026"
Spacecraft successfully lands on asteroid,TOKYO (Reuters) - The national space agency confirmed that its deep-space probe has successfully touched down on asteroid Ryugu and collected surface samples.,science,"May 20, 2026"
Prime Minister signs historic trade agreement,"BRUSSELS (Reuters) - Officials from the European Union signed a comprehensive free trade deal, lowering tariffs and standardizing regulatory frameworks.",worldnews,"May 20, 2026"
National park expands protected wildlife zone,DENVER (Reuters) - The Department of the Interior has added over fifty thousand acres to the Rocky Mountain National Park to protect migratory routes of elk and sheep.,local,"May 20, 2026"
New education bill passed by congress with bipartisan support,"WASHINGTON (Reuters) - Both parties came together to pass the educational funding bill, providing historic resources to public schools and state universities.",politics,"May 20, 2026"
President announces new economic policy,WASHINGTON (Reuters) - The federal government announced a series of sweeping economic reforms today aimed at curbing inflation and boosting job growth across tech and manufacturing sectors.,politics,"May 20, 2026"
Scientists discover new water source on Mars,"PASADENA (Reuters) - NASA researchers have confirmed the discovery of liquid water reserves deep beneath the surface of Mars, using high-resolution radar data from orbiting spacecraft.",science,"May 20, 2026"
Global summit addresses climate change challenges,GENEVA (Reuters) - World leaders gathered in Switzerland to sign a landmark treaty committing nations to faster carbon emission reductions over the next decade.,worldnews,"May 20, 2026"
Local library hosts annual reading festival,"BOSTON (Reuters) - The Boston Public Library welcomed over ten thousand visitors to its annual weekend reading festival, promoting literacy and supporting local independent authors.",local,"May 20, 2026"
Tech giant launches open source AI model,SAN FRANCISCO (Reuters) - Leading artificial intelligence company announced the release of its advanced neural network codebase under a fully permissive open-source license.,tech,"May 20, 2026"
Major medical breakthrough in cancer research announced,"LONDON (Reuters) - Clinical trials at Oxford have shown highly promising results for a new targeted immunotherapy, showing high efficacy rates in early-stage trials.",science,"May 20, 2026"
Spacecraft successfully lands on asteroid,TOKYO (Reuters) - The national space agency confirmed that its deep-space probe has successfully touched down on asteroid Ryugu and collected surface samples.,science,"May 20, 2026"
Prime Minister signs historic trade agreement,"BRUSSELS (Reuters) - Officials from the European Union signed a comprehensive free trade deal, lowering tariffs and standardizing regulatory frameworks.",worldnews,"May 20, 2026"
National park expands protected wildlife zone,DENVER (Reuters) - The Department of the Interior has added over fifty thousand acres to the Rocky Mountain National Park to protect migratory routes of elk and sheep.,local,"May 20, 2026"
New education bill passed by congress with bipartisan support,"WASHINGTON (Reuters) - Both parties came together to pass the educational funding bill, providing historic resources to public schools and state universities.",politics,"May 20, 2026"
President announces new economic policy,WASHINGTON (Reuters) - The federal government announced a series of sweeping economic reforms today aimed at curbing inflation and boosting job growth across tech and manufacturing sectors.,politics,"May 20, 2026"
Scientists discover new water source on Mars,"PASADENA (Reuters) - NASA researchers have confirmed the discovery of liquid water reserves deep beneath the surface of Mars, using high-resolution radar data from orbiting spacecraft.",science,"May 20, 2026"
Global summit addresses climate change challenges,GENEVA (Reuters) - World leaders gathered in Switzerland to sign a landmark treaty committing nations to faster carbon emission reductions over the next decade.,worldnews,"May 20, 2026"
Local library hosts annual reading festival,"BOSTON (Reuters) - The Boston Public Library welcomed over ten thousand visitors to its annual weekend reading festival, promoting literacy and supporting local independent authors.",local,"May 20, 2026"
Tech giant launches open source AI model,SAN FRANCISCO (Reuters) - Leading artificial intelligence company announced the release of its advanced neural network codebase under a fully permissive open-source license.,tech,"May 20, 2026"
Major medical breakthrough in cancer research announced,"LONDON (Reuters) - Clinical trials at Oxford have shown highly promising results for a new targeted immunotherapy, showing high efficacy rates in early-stage trials.",science,"May 20, 2026"
Spacecraft successfully lands on asteroid,TOKYO (Reuters) - The national space agency confirmed that its deep-space probe has successfully touched down on asteroid Ryugu and collected surface samples.,science,"May 20, 2026"
Prime Minister signs historic trade agreement,"BRUSSELS (Reuters) - Officials from the European Union signed a comprehensive free trade deal, lowering tariffs and standardizing regulatory frameworks.",worldnews,"May 20, 2026"
National park expands protected wildlife zone,DENVER (Reuters) - The Department of the Interior has added over fifty thousand acres to the Rocky Mountain National Park to protect migratory routes of elk and sheep.,local,"May 20, 2026"
New education bill passed by congress with bipartisan support,"WASHINGTON (Reuters) - Both parties came together to pass the educational funding bill, providing historic resources to public schools and state universities.",politics,"May 20, 2026"
President announces new economic policy,WASHINGTON (Reuters) - The federal government announced a series of sweeping economic reforms today aimed at curbing inflation and boosting job growth across tech and manufacturing sectors.,politics,"May 20, 2026"
Scientists discover new water source on Mars,"PASADENA (Reuters) - NASA researchers have confirmed the discovery of liquid water reserves deep beneath the surface of Mars, using high-resolution radar data from orbiting spacecraft.",science,"May 20, 2026"
Global summit addresses climate change challenges,GENEVA (Reuters) - World leaders gathered in Switzerland to sign a landmark treaty committing nations to faster carbon emission reductions over the next decade.,worldnews,"May 20, 2026"
Local library hosts annual reading festival,"BOSTON (Reuters) - The Boston Public Library welcomed over ten thousand visitors to its annual weekend reading festival, promoting literacy and supporting local independent authors.",local,"May 20, 2026"
Tech giant launches open source AI model,SAN FRANCISCO (Reuters) - Leading artificial intelligence company announced the release of its advanced neural network codebase under a fully permissive open-source license.,tech,"May 20, 2026"
Major medical breakthrough in cancer research announced,"LONDON (Reuters) - Clinical trials at Oxford have shown highly promising results for a new targeted immunotherapy, showing high efficacy rates in early-stage trials.",science,"May 20, 2026"
Spacecraft successfully lands on asteroid,TOKYO (Reuters) - The national space agency confirmed that its deep-space probe has successfully touched down on asteroid Ryugu and collected surface samples.,science,"May 20, 2026"
Prime Minister signs historic trade agreement,"BRUSSELS (Reuters) - Officials from the European Union signed a comprehensive free trade deal, lowering tariffs and standardizing regulatory frameworks.",worldnews,"May 20, 2026"
National park expands protected wildlife zone,DENVER (Reuters) - The Department of the Interior has added over fifty thousand acres to the Rocky Mountain National Park to protect migratory routes of elk and sheep.,local,"May 20, 2026"
New education bill passed by congress with bipartisan support,"WASHINGTON (Reuters) - Both parties came together to pass the educational funding bill, providing historic resources to public schools and state universities.",politics,"May 20, 2026"
President announces new economic policy,WASHINGTON (Reuters) - The federal government announced a series of sweeping economic reforms today aimed at curbing inflation and boosting job growth across tech and manufacturing sectors.,politics,"May 20, 2026"
Scientists discover new water source on Mars,"PASADENA (Reuters) - NASA researchers have confirmed the discovery of liquid water reserves deep beneath the surface of Mars, using high-resolution radar data from orbiting spacecraft.",science,"May 20, 2026"
Global summit addresses climate change challenges,GENEVA (Reuters) - World leaders gathered in Switzerland to sign a landmark treaty committing nations to faster carbon emission reductions over the next decade.,worldnews,"May 20, 2026"
Local library hosts annual reading festival,"BOSTON (Reuters) - The Boston Public Library welcomed over ten thousand visitors to its annual weekend reading festival, promoting literacy and supporting local independent authors.",local,"May 20, 2026"
Tech giant launches open source AI model,SAN FRANCISCO (Reuters) - Leading artificial intelligence company announced the release of its advanced neural network codebase under a fully permissive open-source license.,tech,"May 20, 2026"
Major medical breakthrough in cancer research announced,"LONDON (Reuters) - Clinical trials at Oxford have shown highly promising results for a new targeted immunotherapy, showing high efficacy rates in early-stage trials.",science,"May 20, 2026"
Spacecraft successfully lands on asteroid,TOKYO (Reuters) - The national space agency confirmed that its deep-space probe has successfully touched down on asteroid Ryugu and collected surface samples.,science,"May 20, 2026"
Prime Minister signs historic trade agreement,"BRUSSELS (Reuters) - Officials from the European Union signed a comprehensive free trade deal, lowering tariffs and standardizing regulatory frameworks.",worldnews,"May 20, 2026"
National park expands protected wildlife zone,DENVER (Reuters) - The Department of the Interior has added over fifty thousand acres to the Rocky Mountain National Park to protect migratory routes of elk and sheep.,local,"May 20, 2026"
New education bill passed by congress with bipartisan support,"WASHINGTON (Reuters) - Both parties came together to pass the educational funding bill, providing historic resources to public schools and state universities.",politics,"May 20, 2026"
President announces new economic policy,WASHINGTON (Reuters) - The federal government announced a series of sweeping economic reforms today aimed at curbing inflation and boosting job growth across tech and manufacturing sectors.,politics,"May 20, 2026"
Scientists discover new water source on Mars,"PASADENA (Reuters) - NASA researchers have confirmed the discovery of liquid water reserves deep beneath the surface of Mars, using high-resolution radar data from orbiting spacecraft.",science,"May 20, 2026"
Global summit addresses climate change challenges,GENEVA (Reuters) - World leaders gathered in Switzerland to sign a landmark treaty committing nations to faster carbon emission reductions over the next decade.,worldnews,"May 20, 2026"
Local library hosts annual reading festival,"BOSTON (Reuters) - The Boston Public Library welcomed over ten thousand visitors to its annual weekend reading festival, promoting literacy and supporting local independent authors.",local,"May 20, 2026"
Tech giant launches open source AI model,SAN FRANCISCO (Reuters) - Leading artificial intelligence company announced the release of its advanced neural network codebase under a fully permissive open-source license.,tech,"May 20, 2026"
Major medical breakthrough in cancer research announced,"LONDON (Reuters) - Clinical trials at Oxford have shown highly promising results for a new targeted immunotherapy, showing high efficacy rates in early-stage trials.",science,"May 20, 2026"
Spacecraft successfully lands on asteroid,TOKYO (Reuters) - The national space agency confirmed that its deep-space probe has successfully touched down on asteroid Ryugu and collected surface samples.,science,"May 20, 2026"
Prime Minister signs historic trade agreement,"BRUSSELS (Reuters) - Officials from the European Union signed a comprehensive free trade deal, lowering tariffs and standardizing regulatory frameworks.",worldnews,"May 20, 2026"
National park expands protected wildlife zone,DENVER (Reuters) - The Department of the Interior has added over fifty thousand acres to the Rocky Mountain National Park to protect migratory routes of elk and sheep.,local,"May 20, 2026"
New education bill passed by congress with bipartisan support,"WASHINGTON (Reuters) - Both parties came together to pass the educational funding bill, providing historic resources to public schools and state universities.",politics,"May 20, 2026"
President announces new economic policy,WASHINGTON (Reuters) - The federal government announced a series of sweeping economic reforms today aimed at curbing inflation and boosting job growth across tech and manufacturing sectors.,politics,"May 20, 2026"
Scientists discover new water source on Mars,"PASADENA (Reuters) - NASA researchers have confirmed the discovery of liquid water reserves deep beneath the surface of Mars, using high-resolution radar data from orbiting spacecraft.",science,"May 20, 2026"
Global summit addresses climate change challenges,GENEVA (Reuters) - World leaders gathered in Switzerland to sign a landmark treaty committing nations to faster carbon emission reductions over the next decade.,worldnews,"May 20, 2026"
Local library hosts annual reading festival,"BOSTON (Reuters) - The Boston Public Library welcomed over ten thousand visitors to its annual weekend reading festival, promoting literacy and supporting local independent authors.",local,"May 20, 2026"
Tech giant launches open source AI model,SAN FRANCISCO (Reuters) - Leading artificial intelligence company announced the release of its advanced neural network codebase under a fully permissive open-source license.,tech,"May 20, 2026"
Major medical breakthrough in cancer research announced,"LONDON (Reuters) - Clinical trials at Oxford have shown highly promising results for a new targeted immunotherapy, showing high efficacy rates in early-stage trials.",science,"May 20, 2026"
Spacecraft successfully lands on asteroid,TOKYO (Reuters) - The national space agency confirmed that its deep-space probe has successfully touched down on asteroid Ryugu and collected surface samples.,science,"May 20, 2026"
Prime Minister signs historic trade agreement,"BRUSSELS (Reuters) - Officials from the European Union signed a comprehensive free trade deal, lowering tariffs and standardizing regulatory frameworks.",worldnews,"May 20, 2026"
National park expands protected wildlife zone,DENVER (Reuters) - The Department of the Interior has added over fifty thousand acres to the Rocky Mountain National Park to protect migratory routes of elk and sheep.,local,"May 20, 2026"
New education bill passed by congress with bipartisan support,"WASHINGTON (Reuters) - Both parties came together to pass the educational funding bill, providing historic resources to public schools and state universities.",politics,"May 20, 2026"
President announces new economic policy,WASHINGTON (Reuters) - The federal government announced a series of sweeping economic reforms today aimed at curbing inflation and boosting job growth across tech and manufacturing sectors.,politics,"May 20, 2026"
Scientists discover new water source on Mars,"PASADENA (Reuters) - NASA researchers have confirmed the discovery of liquid water reserves deep beneath the surface of Mars, using high-resolution radar data from orbiting spacecraft.",science,"May 20, 2026"
Global summit addresses climate change challenges,GENEVA (Reuters) - World leaders gathered in Switzerland to sign a landmark treaty committing nations to faster carbon emission reductions over the next decade.,worldnews,"May 20, 2026"
Local library hosts annual reading festival,"BOSTON (Reuters) - The Boston Public Library welcomed over ten thousand visitors to its annual weekend reading festival, promoting literacy and supporting local independent authors.",local,"May 20, 2026"
Tech giant launches open source AI model,SAN FRANCISCO (Reuters) - Leading artificial intelligence company announced the release of its advanced neural network codebase under a fully permissive open-source license.,tech,"May 20, 2026"
Major medical breakthrough in cancer research announced,"LONDON (Reuters) - Clinical trials at Oxford have shown highly promising results for a new targeted immunotherapy, showing high efficacy rates in early-stage trials.",science,"May 20, 2026"
Spacecraft successfully lands on asteroid,TOKYO (Reuters) - The national space agency confirmed that its deep-space probe has successfully touched down on asteroid Ryugu and collected surface samples.,science,"May 20, 2026"
Prime Minister signs historic trade agreement,"BRUSSELS (Reuters) - Officials from the European Union signed a comprehensive free trade deal, lowering tariffs and standardizing regulatory frameworks.",worldnews,"May 20, 2026"
National park expands protected wildlife zone,DENVER (Reuters) - The Department of the Interior has added over fifty thousand acres to the Rocky Mountain National Park to protect migratory routes of elk and sheep.,local,"May 20, 2026"
New education bill passed by congress with bipartisan support,"WASHINGTON (Reuters) - Both parties came together to pass the educational funding bill, providing historic resources to public schools and state universities.",politics,"May 20, 2026"
President announces new economic policy,WASHINGTON (Reuters) - The federal government announced a series of sweeping economic reforms today aimed at curbing inflation and boosting job growth across tech and manufacturing sectors.,politics,"May 20, 2026"
Scientists discover new water source on Mars,"PASADENA (Reuters) - NASA researchers have confirmed the discovery of liquid water reserves deep beneath the surface of Mars, using high-resolution radar data from orbiting spacecraft.",science,"May 20, 2026"
Global summit addresses climate change challenges,GENEVA (Reuters) - World leaders gathered in Switzerland to sign a landmark treaty committing nations to faster carbon emission reductions over the next decade.,worldnews,"May 20, 2026"
Local library hosts annual reading festival,"BOSTON (Reuters) - The Boston Public Library welcomed over ten thousand visitors to its annual weekend reading festival, promoting literacy and supporting local independent authors.",local,"May 20, 2026"
Tech giant launches open source AI model,SAN FRANCISCO (Reuters) - Leading artificial intelligence company announced the release of its advanced neural network codebase under a fully permissive open-source license.,tech,"May 20, 2026"
Major medical breakthrough in cancer research announced,"LONDON (Reuters) - Clinical trials at Oxford have shown highly promising results for a new targeted immunotherapy, showing high efficacy rates in early-stage trials.",science,"May 20, 2026"
Spacecraft successfully lands on asteroid,TOKYO (Reuters) - The national space agency confirmed that its deep-space probe has successfully touched down on asteroid Ryugu and collected surface samples.,science,"May 20, 2026"
Prime Minister signs historic trade agreement,"BRUSSELS (Reuters) - Officials from the European Union signed a comprehensive free trade deal, lowering tariffs and standardizing regulatory frameworks.",worldnews,"May 20, 2026"
National park expands protected wildlife zone,DENVER (Reuters) - The Department of the Interior has added over fifty thousand acres to the Rocky Mountain National Park to protect migratory routes of elk and sheep.,local,"May 20, 2026"
New education bill passed by congress with bipartisan support,"WASHINGTON (Reuters) - Both parties came together to pass the educational funding bill, providing historic resources to public schools and state universities.",politics,"May 20, 2026"
President announces new economic policy,WASHINGTON (Reuters) - The federal government announced a series of sweeping economic reforms today aimed at curbing inflation and boosting job growth across tech and manufacturing sectors.,politics,"May 20, 2026"
Scientists discover new water source on Mars,"PASADENA (Reuters) - NASA researchers have confirmed the discovery of liquid water reserves deep beneath the surface of Mars, using high-resolution radar data from orbiting spacecraft.",science,"May 20, 2026"
Global summit addresses climate change challenges,GENEVA (Reuters) - World leaders gathered in Switzerland to sign a landmark treaty committing nations to faster carbon emission reductions over the next decade.,worldnews,"May 20, 2026"
Local library hosts annual reading festival,"BOSTON (Reuters) - The Boston Public Library welcomed over ten thousand visitors to its annual weekend reading festival, promoting literacy and supporting local independent authors.",local,"May 20, 2026"
Tech giant launches open source AI model,SAN FRANCISCO (Reuters) - Leading artificial intelligence company announced the release of its advanced neural network codebase under a fully permissive open-source license.,tech,"May 20, 2026"
Major medical breakthrough in cancer research announced,"LONDON (Reuters) - Clinical trials at Oxford have shown highly promising results for a new targeted immunotherapy, showing high efficacy rates in early-stage trials.",science,"May 20, 2026"
Spacecraft successfully lands on asteroid,TOKYO (Reuters) - The national space agency confirmed that its deep-space probe has successfully touched down on asteroid Ryugu and collected surface samples.,science,"May 20, 2026"
Prime Minister signs historic trade agreement,"BRUSSELS (Reuters) - Officials from the European Union signed a comprehensive free trade deal, lowering tariffs and standardizing regulatory frameworks.",worldnews,"May 20, 2026"
National park expands protected wildlife zone,DENVER (Reuters) - The Department of the Interior has added over fifty thousand acres to the Rocky Mountain National Park to protect migratory routes of elk and sheep.,local,"May 20, 2026"
New education bill passed by congress with bipartisan support,"WASHINGTON (Reuters) - Both parties came together to pass the educational funding bill, providing historic resources to public schools and state universities.",politics,"May 20, 2026"
President announces new economic policy,WASHINGTON (Reuters) - The federal government announced a series of sweeping economic reforms today aimed at curbing inflation and boosting job growth across tech and manufacturing sectors.,politics,"May 20, 2026"
Scientists discover new water source on Mars,"PASADENA (Reuters) - NASA researchers have confirmed the discovery of liquid water reserves deep beneath the surface of Mars, using high-resolution radar data from orbiting spacecraft.",science,"May 20, 2026"
Global summit addresses climate change challenges,GENEVA (Reuters) - World leaders gathered in Switzerland to sign a landmark treaty committing nations to faster carbon emission reductions over the next decade.,worldnews,"May 20, 2026"
Local library hosts annual reading festival,"BOSTON (Reuters) - The Boston Public Library welcomed over ten thousand visitors to its annual weekend reading festival, promoting literacy and supporting local independent authors.",local,"May 20, 2026"
Tech giant launches open source AI model,SAN FRANCISCO (Reuters) - Leading artificial intelligence company announced the release of its advanced neural network codebase under a fully permissive open-source license.,tech,"May 20, 2026"
Major medical breakthrough in cancer research announced,"LONDON (Reuters) - Clinical trials at Oxford have shown highly promising results for a new targeted immunotherapy, showing high efficacy rates in early-stage trials.",science,"May 20, 2026"
Spacecraft successfully lands on asteroid,TOKYO (Reuters) - The national space agency confirmed that its deep-space probe has successfully touched down on asteroid Ryugu and collected surface samples.,science,"May 20, 2026"
Prime Minister signs historic trade agreement,"BRUSSELS (Reuters) - Officials from the European Union signed a comprehensive free trade deal, lowering tariffs and standardizing regulatory frameworks.",worldnews,"May 20, 2026"
National park expands protected wildlife zone,DENVER (Reuters) - The Department of the Interior has added over fifty thousand acres to the Rocky Mountain National Park to protect migratory routes of elk and sheep.,local,"May 20, 2026"
New education bill passed by congress with bipartisan support,"WASHINGTON (Reuters) - Both parties came together to pass the educational funding bill, providing historic resources to public schools and state universities.",politics,"May 20, 2026"
President announces new economic policy,WASHINGTON (Reuters) - The federal government announced a series of sweeping economic reforms today aimed at curbing inflation and boosting job growth across tech and manufacturing sectors.,politics,"May 20, 2026"
Scientists discover new water source on Mars,"PASADENA (Reuters) - NASA researchers have confirmed the discovery of liquid water reserves deep beneath the surface of Mars, using high-resolution radar data from orbiting spacecraft.",science,"May 20, 2026"
Global summit addresses climate change challenges,GENEVA (Reuters) - World leaders gathered in Switzerland to sign a landmark treaty committing nations to faster carbon emission reductions over the next decade.,worldnews,"May 20, 2026"
Local library hosts annual reading festival,"BOSTON (Reuters) - The Boston Public Library welcomed over ten thousand visitors to its annual weekend reading festival, promoting literacy and supporting local independent authors.",local,"May 20, 2026"
Tech giant launches open source AI model,SAN FRANCISCO (Reuters) - Leading artificial intelligence company announced the release of its advanced neural network codebase under a fully permissive open-source license.,tech,"May 20, 2026"
Major medical breakthrough in cancer research announced,"LONDON (Reuters) - Clinical trials at Oxford have shown highly promising results for a new targeted immunotherapy, showing high efficacy rates in early-stage trials.",science,"May 20, 2026"
Spacecraft successfully lands on asteroid,TOKYO (Reuters) - The national space agency confirmed that its deep-space probe has successfully touched down on asteroid Ryugu and collected surface samples.,science,"May 20, 2026"
Prime Minister signs historic trade agreement,"BRUSSELS (Reuters) - Officials from the European Union signed a comprehensive free trade deal, lowering tariffs and standardizing regulatory frameworks.",worldnews,"May 20, 2026"
National park expands protected wildlife zone,DENVER (Reuters) - The Department of the Interior has added over fifty thousand acres to the Rocky Mountain National Park to protect migratory routes of elk and sheep.,local,"May 20, 2026"
New education bill passed by congress with bipartisan support,"WASHINGTON (Reuters) - Both parties came together to pass the educational funding bill, providing historic resources to public schools and state universities.",politics,"May 20, 2026"
President announces new economic policy,WASHINGTON (Reuters) - The federal government announced a series of sweeping economic reforms today aimed at curbing inflation and boosting job growth across tech and manufacturing sectors.,politics,"May 20, 2026"
Scientists discover new water source on Mars,"PASADENA (Reuters) - NASA researchers have confirmed the discovery of liquid water reserves deep beneath the surface of Mars, using high-resolution radar data from orbiting spacecraft.",science,"May 20, 2026"
Global summit addresses climate change challenges,GENEVA (Reuters) - World leaders gathered in Switzerland to sign a landmark treaty committing nations to faster carbon emission reductions over the next decade.,worldnews,"May 20, 2026"
Local library hosts annual reading festival,"BOSTON (Reuters) - The Boston Public Library welcomed over ten thousand visitors to its annual weekend reading festival, promoting literacy and supporting local independent authors.",local,"May 20, 2026"
Tech giant launches open source AI model,SAN FRANCISCO (Reuters) - Leading artificial intelligence company announced the release of its advanced neural network codebase under a fully permissive open-source license.,tech,"May 20, 2026"
Major medical breakthrough in cancer research announced,"LONDON (Reuters) - Clinical trials at Oxford have shown highly promising results for a new targeted immunotherapy, showing high efficacy rates in early-stage trials.",science,"May 20, 2026"
Spacecraft successfully lands on asteroid,TOKYO (Reuters) - The national space agency confirmed that its deep-space probe has successfully touched down on asteroid Ryugu and collected surface samples.,science,"May 20, 2026"
Prime Minister signs historic trade agreement,"BRUSSELS (Reuters) - Officials from the European Union signed a comprehensive free trade deal, lowering tariffs and standardizing regulatory frameworks.",worldnews,"May 20, 2026"
National park expands protected wildlife zone,DENVER (Reuters) - The Department of the Interior has added over fifty thousand acres to the Rocky Mountain National Park to protect migratory routes of elk and sheep.,local,"May 20, 2026"
New education bill passed by congress with bipartisan support,"WASHINGTON (Reuters) - Both parties came together to pass the educational funding bill, providing historic resources to public schools and state universities.",politics,"May 20, 2026"
President announces new economic policy,WASHINGTON (Reuters) - The federal government announced a series of sweeping economic reforms today aimed at curbing inflation and boosting job growth across tech and manufacturing sectors.,politics,"May 20, 2026"
Scientists discover new water source on Mars,"PASADENA (Reuters) - NASA researchers have confirmed the discovery of liquid water reserves deep beneath the surface of Mars, using high-resolution radar data from orbiting spacecraft.",science,"May 20, 2026"
Global summit addresses climate change challenges,GENEVA (Reuters) - World leaders gathered in Switzerland to sign a landmark treaty committing nations to faster carbon emission reductions over the next decade.,worldnews,"May 20, 2026"
Local library hosts annual reading festival,"BOSTON (Reuters) - The Boston Public Library welcomed over ten thousand visitors to its annual weekend reading festival, promoting literacy and supporting local independent authors.",local,"May 20, 2026"
Tech giant launches open source AI model,SAN FRANCISCO (Reuters) - Leading artificial intelligence company announced the release of its advanced neural network codebase under a fully permissive open-source license.,tech,"May 20, 2026"
Major medical breakthrough in cancer research announced,"LONDON (Reuters) - Clinical trials at Oxford have shown highly promising results for a new targeted immunotherapy, showing high efficacy rates in early-stage trials.",science,"May 20, 2026"
Spacecraft successfully lands on asteroid,TOKYO (Reuters) - The national space agency confirmed that its deep-space probe has successfully touched down on asteroid Ryugu and collected surface samples.,science,"May 20, 2026"
Prime Minister signs historic trade agreement,"BRUSSELS (Reuters) - Officials from the European Union signed a comprehensive free trade deal, lowering tariffs and standardizing regulatory frameworks.",worldnews,"May 20, 2026"
National park expands protected wildlife zone,DENVER (Reuters) - The Department of the Interior has added over fifty thousand acres to the Rocky Mountain National Park to protect migratory routes of elk and sheep.,local,"May 20, 2026"
New education bill passed by congress with bipartisan support,"WASHINGTON (Reuters) - Both parties came together to pass the educational funding bill, providing historic resources to public schools and state universities.",politics,"May 20, 2026"
President announces new economic policy,WASHINGTON (Reuters) - The federal government announced a series of sweeping economic reforms today aimed at curbing inflation and boosting job growth across tech and manufacturing sectors.,politics,"May 20, 2026"
Scientists discover new water source on Mars,"PASADENA (Reuters) - NASA researchers have confirmed the discovery of liquid water reserves deep beneath the surface of Mars, using high-resolution radar data from orbiting spacecraft.",science,"May 20, 2026"
Global summit addresses climate change challenges,GENEVA (Reuters) - World leaders gathered in Switzerland to sign a landmark treaty committing nations to faster carbon emission reductions over the next decade.,worldnews,"May 20, 2026"
Local library hosts annual reading festival,"BOSTON (Reuters) - The Boston Public Library welcomed over ten thousand visitors to its annual weekend reading festival, promoting literacy and supporting local independent authors.",local,"May 20, 2026"
Tech giant launches open source AI model,SAN FRANCISCO (Reuters) - Leading artificial intelligence company announced the release of its advanced neural network codebase under a fully permissive open-source license.,tech,"May 20, 2026"
Major medical breakthrough in cancer research announced,"LONDON (Reuters) - Clinical trials at Oxford have shown highly promising results for a new targeted immunotherapy, showing high efficacy rates in early-stage trials.",science,"May 20, 2026"
Spacecraft successfully lands on asteroid,TOKYO (Reuters) - The national space agency confirmed that its deep-space probe has successfully touched down on asteroid Ryugu and collected surface samples.,science,"May 20, 2026"
Prime Minister signs historic trade agreement,"BRUSSELS (Reuters) - Officials from the European Union signed a comprehensive free trade deal, lowering tariffs and standardizing regulatory frameworks.",worldnews,"May 20, 2026"
National park expands protected wildlife zone,DENVER (Reuters) - The Department of the Interior has added over fifty thousand acres to the Rocky Mountain National Park to protect migratory routes of elk and sheep.,local,"May 20, 2026"
New education bill passed by congress with bipartisan support,"WASHINGTON (Reuters) - Both parties came together to pass the educational funding bill, providing historic resources to public schools and state universities.",politics,"May 20, 2026"
President announces new economic policy,WASHINGTON (Reuters) - The federal government announced a series of sweeping economic reforms today aimed at curbing inflation and boosting job growth across tech and manufacturing sectors.,politics,"May 20, 2026"
Scientists discover new water source on Mars,"PASADENA (Reuters) - NASA researchers have confirmed the discovery of liquid water reserves deep beneath the surface of Mars, using high-resolution radar data from orbiting spacecraft.",science,"May 20, 2026"
Global summit addresses climate change challenges,GENEVA (Reuters) - World leaders gathered in Switzerland to sign a landmark treaty committing nations to faster carbon emission reductions over the next decade.,worldnews,"May 20, 2026"
Local library hosts annual reading festival,"BOSTON (Reuters) - The Boston Public Library welcomed over ten thousand visitors to its annual weekend reading festival, promoting literacy and supporting local independent authors.",local,"May 20, 2026"
Tech giant launches open source AI model,SAN FRANCISCO (Reuters) - Leading artificial intelligence company announced the release of its advanced neural network codebase under a fully permissive open-source license.,tech,"May 20, 2026"
Major medical breakthrough in cancer research announced,"LONDON (Reuters) - Clinical trials at Oxford have shown highly promising results for a new targeted immunotherapy, showing high efficacy rates in early-stage trials.",science,"May 20, 2026"
Spacecraft successfully lands on asteroid,TOKYO (Reuters) - The national space agency confirmed that its deep-space probe has successfully touched down on asteroid Ryugu and collected surface samples.,science,"May 20, 2026"
Prime Minister signs historic trade agreement,"BRUSSELS (Reuters) - Officials from the European Union signed a comprehensive free trade deal, lowering tariffs and standardizing regulatory frameworks.",worldnews,"May 20, 2026"
National park expands protected wildlife zone,DENVER (Reuters) - The Department of the Interior has added over fifty thousand acres to the Rocky Mountain National Park to protect migratory routes of elk and sheep.,local,"May 20, 2026"
New education bill passed by congress with bipartisan support,"WASHINGTON (Reuters) - Both parties came together to pass the educational funding bill, providing historic resources to public schools and state universities.",politics,"May 20, 2026"
President announces new economic policy,WASHINGTON (Reuters) - The federal government announced a series of sweeping economic reforms today aimed at curbing inflation and boosting job growth across tech and manufacturing sectors.,politics,"May 20, 2026"
Scientists discover new water source on Mars,"PASADENA (Reuters) - NASA researchers have confirmed the discovery of liquid water reserves deep beneath the surface of Mars, using high-resolution radar data from orbiting spacecraft.",science,"May 20, 2026"
Global summit addresses climate change challenges,GENEVA (Reuters) - World leaders gathered in Switzerland to sign a landmark treaty committing nations to faster carbon emission reductions over the next decade.,worldnews,"May 20, 2026"
Local library hosts annual reading festival,"BOSTON (Reuters) - The Boston Public Library welcomed over ten thousand visitors to its annual weekend reading festival, promoting literacy and supporting local independent authors.",local,"May 20, 2026"
Tech giant launches open source AI model,SAN FRANCISCO (Reuters) - Leading artificial intelligence company announced the release of its advanced neural network codebase under a fully permissive open-source license.,tech,"May 20, 2026"
Major medical breakthrough in cancer research announced,"LONDON (Reuters) - Clinical trials at Oxford have shown highly promising results for a new targeted immunotherapy, showing high efficacy rates in early-stage trials.",science,"May 20, 2026"
Spacecraft successfully lands on asteroid,TOKYO (Reuters) - The national space agency confirmed that its deep-space probe has successfully touched down on asteroid Ryugu and collected surface samples.,science,"May 20, 2026"
Prime Minister signs historic trade agreement,"BRUSSELS (Reuters) - Officials from the European Union signed a comprehensive free trade deal, lowering tariffs and standardizing regulatory frameworks.",worldnews,"May 20, 2026"
National park expands protected wildlife zone,DENVER (Reuters) - The Department of the Interior has added over fifty thousand acres to the Rocky Mountain National Park to protect migratory routes of elk and sheep.,local,"May 20, 2026"
New education bill passed by congress with bipartisan support,"WASHINGTON (Reuters) - Both parties came together to pass the educational funding bill, providing historic resources to public schools and state universities.",politics,"May 20, 2026"
President announces new economic policy,WASHINGTON (Reuters) - The federal government announced a series of sweeping economic reforms today aimed at curbing inflation and boosting job growth across tech and manufacturing sectors.,politics,"May 20, 2026"
Scientists discover new water source on Mars,"PASADENA (Reuters) - NASA researchers have confirmed the discovery of liquid water reserves deep beneath the surface of Mars, using high-resolution radar data from orbiting spacecraft.",science,"May 20, 2026"
Global summit addresses climate change challenges,GENEVA (Reuters) - World leaders gathered in Switzerland to sign a landmark treaty committing nations to faster carbon emission reductions over the next decade.,worldnews,"May 20, 2026"
Local library hosts annual reading festival,"BOSTON (Reuters) - The Boston Public Library welcomed over ten thousand visitors to its annual weekend reading festival, promoting literacy and supporting local independent authors.",local,"May 20, 2026"
Tech giant launches open source AI model,SAN FRANCISCO (Reuters) - Leading artificial intelligence company announced the release of its advanced neural network codebase under a fully permissive open-source license.,tech,"May 20, 2026"
Major medical breakthrough in cancer research announced,"LONDON (Reuters) - Clinical trials at Oxford have shown highly promising results for a new targeted immunotherapy, showing high efficacy rates in early-stage trials.",science,"May 20, 2026"
Spacecraft successfully lands on asteroid,TOKYO (Reuters) - The national space agency confirmed that its deep-space probe has successfully touched down on asteroid Ryugu and collected surface samples.,science,"May 20, 2026"
Prime Minister signs historic trade agreement,"BRUSSELS (Reuters) - Officials from the European Union signed a comprehensive free trade deal, lowering tariffs and standardizing regulatory frameworks.",worldnews,"May 20, 2026"
National park expands protected wildlife zone,DENVER (Reuters) - The Department of the Interior has added over fifty thousand acres to the Rocky Mountain National Park to protect migratory routes of elk and sheep.,local,"May 20, 2026"
New education bill passed by congress with bipartisan support,"WASHINGTON (Reuters) - Both parties came together to pass the educational funding bill, providing historic resources to public schools and state universities.",politics,"May 20, 2026"
President announces new economic policy,WASHINGTON (Reuters) - The federal government announced a series of sweeping economic reforms today aimed at curbing inflation and boosting job growth across tech and manufacturing sectors.,politics,"May 20, 2026"
Scientists discover new water source on Mars,"PASADENA (Reuters) - NASA researchers have confirmed the discovery of liquid water reserves deep beneath the surface of Mars, using high-resolution radar data from orbiting spacecraft.",science,"May 20, 2026"
Global summit addresses climate change challenges,GENEVA (Reuters) - World leaders gathered in Switzerland to sign a landmark treaty committing nations to faster carbon emission reductions over the next decade.,worldnews,"May 20, 2026"
Local library hosts annual reading festival,"BOSTON (Reuters) - The Boston Public Library welcomed over ten thousand visitors to its annual weekend reading festival, promoting literacy and supporting local independent authors.",local,"May 20, 2026"
Tech giant launches open source AI model,SAN FRANCISCO (Reuters) - Leading artificial intelligence company announced the release of its advanced neural network codebase under a fully permissive open-source license.,tech,"May 20, 2026"
Major medical breakthrough in cancer research announced,"LONDON (Reuters) - Clinical trials at Oxford have shown highly promising results for a new targeted immunotherapy, showing high efficacy rates in early-stage trials.",science,"May 20, 2026"
Spacecraft successfully lands on asteroid,TOKYO (Reuters) - The national space agency confirmed that its deep-space probe has successfully touched down on asteroid Ryugu and collected surface samples.,science,"May 20, 2026"
Prime Minister signs historic trade agreement,"BRUSSELS (Reuters) - Officials from the European Union signed a comprehensive free trade deal, lowering tariffs and standardizing regulatory frameworks.",worldnews,"May 20, 2026"
National park expands protected wildlife zone,DENVER (Reuters) - The Department of the Interior has added over fifty thousand acres to the Rocky Mountain National Park to protect migratory routes of elk and sheep.,local,"May 20, 2026"
New education bill passed by congress with bipartisan support,"WASHINGTON (Reuters) - Both parties came together to pass the educational funding bill, providing historic resources to public schools and state universities.",politics,"May 20, 2026"
President announces new economic policy,WASHINGTON (Reuters) - The federal government announced a series of sweeping economic reforms today aimed at curbing inflation and boosting job growth across tech and manufacturing sectors.,politics,"May 20, 2026"
Scientists discover new water source on Mars,"PASADENA (Reuters) - NASA researchers have confirmed the discovery of liquid water reserves deep beneath the surface of Mars, using high-resolution radar data from orbiting spacecraft.",science,"May 20, 2026"
Global summit addresses climate change challenges,GENEVA (Reuters) - World leaders gathered in Switzerland to sign a landmark treaty committing nations to faster carbon emission reductions over the next decade.,worldnews,"May 20, 2026"
Local library hosts annual reading festival,"BOSTON (Reuters) - The Boston Public Library welcomed over ten thousand visitors to its annual weekend reading festival, promoting literacy and supporting local independent authors.",local,"May 20, 2026"
Tech giant launches open source AI model,SAN FRANCISCO (Reuters) - Leading artificial intelligence company announced the release of its advanced neural network codebase under a fully permissive open-source license.,tech,"May 20, 2026"
Major medical breakthrough in cancer research announced,"LONDON (Reuters) - Clinical trials at Oxford have shown highly promising results for a new targeted immunotherapy, showing high efficacy rates in early-stage trials.",science,"May 20, 2026"
Spacecraft successfully lands on asteroid,TOKYO (Reuters) - The national space agency confirmed that its deep-space probe has successfully touched down on asteroid Ryugu and collected surface samples.,science,"May 20, 2026"
Prime Minister signs historic trade agreement,"BRUSSELS (Reuters) - Officials from the European Union signed a comprehensive free trade deal, lowering tariffs and standardizing regulatory frameworks.",worldnews,"May 20, 2026"
National park expands protected wildlife zone,DENVER (Reuters) - The Department of the Interior has added over fifty thousand acres to the Rocky Mountain National Park to protect migratory routes of elk and sheep.,local,"May 20, 2026"
New education bill passed by congress with bipartisan support,"WASHINGTON (Reuters) - Both parties came together to pass the educational funding bill, providing historic resources to public schools and state universities.",politics,"May 20, 2026"
